_id,barcode,category,categoryCode,name,topBrand,brandCode,cpg_id
601c5460be37ce2ead43755f,511111519928,Beverages,BEVERAGES,Starbucks,False,STARBUCKS,5332f5fbe4b03c9a25efd0ba
5cdad0f5166eb33eb7ce0faa,511111104810,Condiments & Sauces,NULL,J.L. Kraft,NULL,J.L. KRAFT,559c2234e4b06aca36af13c6
5ab15636e4b0be0a89bb0b07,511111504412,Canned Goods & Soups,NULL,Campbell's Home Style,False,CAMPBELLS HOME STYLE,5a734034e4b0d58f376be874
57c08106e4b0718ff5fcb02c,511111102540,NULL,NULL,MorningStar,NULL,511111102540,5332f5f2e4b03c9a25efd0aa
588ba07be4b02187f85cdadd,511111201076,Baking,NULL,Calumet,False,CALUMET,559c2234e4b06aca36af13c6
5d6413156d5f3b23d1bc790a,511111205012,Magazines,NULL,Entertainment Weekly,NULL,511111205012,5d5d4fd16d5f3b23d1bc7905
585a9611e4b03e62d1ce0e74,511111801801,Breakfast & Cereal,NULL,AUNT JEMIMA Syrup,False,AUNT JEMIMA SYRUP,5332f5fbe4b03c9a25efd0ba
57e5820ce4b0ac389136a311,511111202233,Beer Wine Spirits,NULL,Molson Canadian,False,MOLSON,5332f709e4b03c9a25efd0f1
5fb6adb8be37ce522e165cb8,511111817376,Health & Wellness,HEALTHY_AND_WELLNESS,Lotrimin®,False,LOTRIMIN,5d9b4f591dda2c6225a284aa
592486bfe410d61fcea3d139,511111300700,Beauty,NULL,ST. IVES,False,ST IVES,5332f5f6e4b03c9a25efd0b4
5da6071ea60b87376833e34d,511111005650,Health & Wellness,HEALTHY_AND_WELLNESS,Alka-Seltzer®,NULL,ALKA SELTZER,5d9b4f591dda2c6225a284aa
57ebc011e4b0ac389136a335,511111802129,Condiments & Sauces,NULL,Jack Daniel's,False,JACK DANIEL'S BARBECUE,559c2234e4b06aca36af13c6
5332f5fee4b03c9a25efd0bd,511111303947,NULL,NULL,Bottled Starbucks,NULL,511111303947,53e10d6368abd3c7065097cc
5332fa7ce4b03c9a25efd22e,511111802914,NULL,NULL,Full Throttle,NULL,511111802914,5332f5ebe4b03c9a25efd0a8
5e9f18bfbe37ce3e45b6a77f,511111914549,Baking,BAKING,PopUp Brand A,NULL,511111914549,5e9f12f5be37ce3e45b6a77e
592486bee410d61fcea3d133,511111400769,Frozen,NULL,MAGNUM Ice Cream,False,MAGNUM Ice Cream,5332f5f6e4b03c9a25efd0b4
5d66d71fa3a018093ab34728,511111105329,Magazines,NULL,Elegant Homes Magazine,NULL,511111105329,5d5d4fd16d5f3b23d1bc7905
57ebc2e7e4b0ac389136a34b,511111201915,Grocery,NULL,Taco Bell,False,TACO BELL,559c2234e4b06aca36af13c6
5dc03596a60b873d6b0666cd,511111506249,Breakfast & Cereal,NULL,Frosted Cheerios™,NULL,FROSTED CHEERIOS,53e10d6368abd3c7065097cc
5332f772e4b03c9a25efd125,511111103653,NULL,NULL,Gold Medal,NULL,511111103653,5332f5f3e4b03c9a25efd0ae
59dfaad1e4b0a56a2fa69abc,511111100621,Baking,NULL,GODIVA Instant Pudding Mix,False,GODIVA DRY PACKAGED DESSERTS,559c2234e4b06aca36af13c6
5daf33e71dda2c3e1416ae93,511111305910,Snacks,NULL,LÄRABAR™,NULL,LARABAR,5332f5f3e4b03c9a25efd0ae
5bd200a6965c7d66d92731ea,511111504627,Household,NULL,Cottonelle,False,COTTONELLE,550b2565e4b001d5e9e4146f
585a9675e4b03e62d1ce0e7f,511111301691,Beverages,NULL,Izze,False,IZZE,5332f5fbe4b03c9a25efd0ba
5887a17ee4b02187f85cdad3,511111101178,Beverages,NULL,Mio,False,MIO,559c2234e4b06aca36af13c6
5332f765e4b03c9a25efd11f,511111503699,NULL,NULL,Glaceau vitaminwater,NULL,511111503699,5332f5ebe4b03c9a25efd0a8
5d66d94d6d5f3b6188d4f04b,511111505365,Magazines,NULL,Magnolia Journal Magazine,NULL,511111505365,5d5d4fd16d5f3b23d1bc7905
5d66d2fd6d5f3b6188d4f045,511111405252,Magazines,NULL,American Patchwork & Quilting Magazine,NULL,QUILTING SPECIAL EDITION,5d5d4fd16d5f3b23d1bc7905
5332f5f3e4b03c9a25efd0ad,511111104025,NULL,NULL,Gree Giant,NULL,511111104025,5332f5f3e4b03c9a25efd0ae
5a5d1e76e4b0db471c2d0425,511111900337,Beer Wine Spirits,NULL,Herman Joseph's,NULL,HERMAN,5332f709e4b03c9a25efd0f1
55b630d9e4b0d8e685c1421f,511111302629,NULL,NULL,Sundrop,NULL,511111302629,55b62995e4b0d8e685c14213
5d602d9d6d5f3b23d1bc7907,511111704935,Beverages,NULL,Kevita Sparkling Drinks,NULL,KEVITA,5332f5fbe4b03c9a25efd0ba
57ebbf75e4b0ac389136a32f,511111902188,Frozen,NULL,Delimex,False,DELIMEX,559c2234e4b06aca36af13c6
5d2f68d96d5f3b107e208da4,511111004844,Personal Care,NULL,THE RIGHT TO SHOWER,NULL,THE RIGHT TO SHOWER,5332f5f6e4b03c9a25efd0b4
592486bde410d61fcea3d124,511111100904,Personal Care,NULL,CARESS,False,CARESS,5332f5f6e4b03c9a25efd0b4
5332f6ede4b03c9a25efd0e5,511111603870,NULL,NULL,Blue Bunny,NULL,511111603870,5332f6ede4b03c9a25efd0e6
5332fa05e4b03c9a25efd1d6,511111103141,NULL,NULL,Krave,NULL,511111103141,5332f5f2e4b03c9a25efd0aa
5c76d3cd95144c5375687b4f,511111106876,Grocery,NULL,DASH-2249 Brand1,True,TEST BRAND CODE,5c76d20595144c5375687b4e
5a8c36dbe4b0ccf165fac9e9,511111204206,Canned Goods & Soups,NULL,Swanson,False,SWANSON,5a734034e4b0d58f376be874
55b630e1e4b0d8e685c14220,511111102618,NULL,NULL,A&W Rootbeer,NULL,511111102618,55b62995e4b0d8e685c14213
5c76db7295144c5375687b50,511111306887,Frozen,NULL,DASH-2249 Brand2,False,DASH-2249 1,5c76d20595144c5375687b4e
5da609991dda2c3e1416ae90,511111805854,Health & Wellness,NULL,ONE A DAY® WOMENS,False,511111805854,53e10d6368abd3c7065097cc
5afda575e4b0c11cfecd49f9,511111104537,Snacks,NULL,Kettle Brand,False,KETTLE BRAND,5a734034e4b0d58f376be874
5ab154dde4b0915382df761f,511111404392,Canned Goods & Soups,NULL,Campbell's Soup at Hand,False,CAMPBELLS SOUP AT HAND ,5a734034e4b0d58f376be874
5fb82faebe37ce522e165ce9,511111117841,Grocery,GROCERY,Rainbo,False,RAINBO,5fb6b608be37ce522e165cb9
57e58157e4b0ac389136a30a,511111602279,Beer Wine Spirits,NULL,Crispin Cider Company,False,CRISPIN,5332f709e4b03c9a25efd0f1
5e90a545ee7f2d70340f40d7,511111114413,Health & Wellness,HEALTHY_AND_WELLNESS,Claritin®,False,CLARITIN®,5d9b4f591dda2c6225a284aa
5daf5e94a60b87376833e362,511111706045,Breakfast & Cereal,NULL,Cookie Crisp™,NULL,COOKIE CRISP,5332f5f3e4b03c9a25efd0ae
5332f743e4b03c9a25efd109,511111903789,Snacks,NULL,Keebler,NULL,511111903789,5332f5f2e4b03c9a25efd0aa
5afda65de4b0c11cfecd49fb,511111004561,Snacks,NULL,SNYDERS OF HANOVER,False,SNYDERS OF HANOVER,5a734034e4b0d58f376be874
5332fa7ee4b03c9a25efd230,511111702894,NULL,NULL,Powerade,NULL,511111702894,5332f5ebe4b03c9a25efd0a8
57ebbfafe4b0ac389136a332,511111002154,Condiments & Sauces,NULL,Good Seasons,False,GOOD SEASONS,559c2234e4b06aca36af13c6
57ace91ae4b057c992a316ac,511111602552,NULL,NULL,Pizza Pizza Pizza,NULL,511111602552,57ace90fe4b057c992a316ab
5a5d2431e4b06ba572cf24a1,511111200246,Beer Wine Spirits,NULL,Revolver,NULL,REVOLVER,5332f709e4b03c9a25efd0f1
57e5810ce4b0ac389136a307,511111802280,Beer Wine Spirits,NULL,Keystone Light,False,KEYSTONE LIGHT,5332f709e4b03c9a25efd0f1
5332f5f2e4b03c9a25efd0ab,511111604037,NULL,NULL,Our Family,NULL,511111604037,5332f5f3e4b03c9a25efd0ac
5db9f9cca60b87376833e36b,511111806226,Snacks,NULL,Fruit Roll-Ups™,NULL,BETTY CROCKER FRUIT ROLL UPS,5332f5f3e4b03c9a25efd0ae
5aa1b41de4b086c8aad5e096,511111304265,Condiments & Sauces,NULL,MOMOFUKU Sauce,False,MOMOFUKU,559c2234e4b06aca36af13c6
592486bee410d61fcea3d136,511111500735,Frozen,NULL,POPSICLE,False,POPSICLE,5332f5f6e4b03c9a25efd0b4
5332f603e4b03c9a25efd0be,511111103936,Beverages,NULL,Mug Root Beer,False,MUG Root Beer,5332f5fbe4b03c9a25efd0ba
5afda699e4b0c11cfecd49fd,511111704584,Snacks,NULL,Tom's,False,TOMS,5a734034e4b0d58f376be874
592486bfe410d61fcea3d137,511111000723,Dairy,NULL,PROMISE,NULL,PROMISE,53e10d6368abd3c7065097cc
5a4d2295e4b0d5c3fd86b679,511111200529,Snacks,NULL,OFF THE EATEN PATH,NULL,OFF THE EATEN PATH,5332f5fbe4b03c9a25efd0ba
5332f9fce4b03c9a25efd1cd,511111003199,NULL,NULL,Honey Smacks,NULL,511111003199,5332f5f2e4b03c9a25efd0aa
57ebc293e4b0ac389136a345,511111301974,Frozen,NULL,Nancy's,False,NANCY'S,559c2234e4b06aca36af13c6
5332f7b8e4b03c9a25efd145,511111903413,NULL,NULL,Stella Artois,NULL,511111903413,5332f7a7e4b03c9a25efd134
5ab153fee4b0915382df761e,511111704379,Canned Goods & Soups,NULL,Campbell's Chunky Maxx,False,CAMPBELLS CHUNKY MAXX,5a734034e4b0d58f376be874
5aa1b5b9e4b05a92fc9b1631,511111004288,Condiments & Sauces,NULL,FOOD NETWORK KITCHEN INSPIRATIONS,False,FOOD NETWORK KITCHEN INSPIRATIONS,559c2234e4b06aca36af13c6
57c0829ce4b0718ff5fcb03a,511111002437,NULL,NULL,Victoria,NULL,511111002437,5332f7a7e4b03c9a25efd134
5a4d244ae4b0bcb2c74ea77f,511111500506,Snacks,NULL,SABRITAS,NULL,SABRITAS,5332f5fbe4b03c9a25efd0ba
57ebbfa1e4b0ac389136a330,511111702177,Beverages,NULL,Gevalia,False,GEVALIA KAFFE,559c2234e4b06aca36af13c6
59d550f4e4b090070b009534,511111600633,Dairy,NULL,"O, That's Good!",False,O THAT'S GOOD,559c2234e4b06aca36af13c6
585a9645e4b03e62d1ce0e79,511111801757,Snacks,NULL,Chester's,True,CHESTER'S,5332f5fbe4b03c9a25efd0ba
585a968ee4b03e62d1ce0e82,511111101666,Snacks,NULL,Miss Vickies,NULL,MISS VICKIE'S,5332f5fbe4b03c9a25efd0ba
5d2f6b82a3a01810a2174aed,511111704867,Condiments & Sauces,NULL,SIR KENSINGTON'S,NULL,SIR KENSINGTON'S,5332f5f6e4b03c9a25efd0b4
5332f9f2e4b03c9a25efd1c8,511111803232,NULL,NULL,Crispix,NULL,511111803232,5332f5f2e4b03c9a25efd0aa
55a41b55e4b0d0a65b3692ef,511111502708,NULL,NULL,NessAlla,NULL,511111502708,55a41b4be4b0d0a65b3692ee
5887a372e4b02187f85cdad9,511111001119,Snacks,NULL,Doritos,True,DORITOS,5332f5fbe4b03c9a25efd0ba
57ed0697e4b072ac2294b8f2,511111101895,Condiments & Sauces,NULL,A.1.,True,A.1.,559c2234e4b06aca36af13c6
55b630c2e4b0d8e685c1421d,511111002642,NULL,NULL,RC Cola,NULL,511111002642,55b62995e4b0d8e685c14213
5332f605e4b03c9a25efd0c0,511111403913,NULL,NULL,Amp,NULL,511111403913,5332f5fbe4b03c9a25efd0ba
5d66de49a3a018093ab3472a,511111505433,Beverages,NULL,Looza Fruit Juices,NULL,LOOZA JUICES,5332f5fbe4b03c9a25efd0ba
5da605dc1dda2c3e1416ae83,511111005582,Health & Wellness,NULL,Aleve®,NULL,ALEVE,5d9b4f591dda2c6225a284aa
5e3876bfee7f2d697e835bd3,511111613961,Beauty,NULL,Soft-Sheen Carson - Hair Color,NULL,SOFT-SHEEN CARSON - HAIR COLOR,5e28b81cee7f2d697e835bcd
57ebc11fe4b0ac389136a33a,511111802075,Baking,NULL,Kraft Caramels,False,511111802075,559c2234e4b06aca36af13c6
5bd201a990fa074576779a19,511111104698,Baby,NULL,Pull-Ups,False,PULL UPS,550b2565e4b001d5e9e4146f
5332f60ce4b03c9a25efd0c3,511111303893,Beverages,NULL,Brisk Iced Tea,False,BRISK,5332f5fbe4b03c9a25efd0ba
5a7e0604e4b0aedb3b84afd3,511111504139,Beverages,NULL,Chris Brand XYZ,NULL,CHRISXYZ,55b62995e4b0d8e685c14213
5332f9f2e4b03c9a25efd1c7,511111003243,NULL,NULL,All-Bran,NULL,511111003243,5332f5f2e4b03c9a25efd0aa
57ebbd44e4b0ac389136a32d,511111002208,Condiments & Sauces,NULL,Bull's Eye,False,BULL'S-EYE,559c2234e4b06aca36af13c6
592486bee410d61fcea3d12f,511111600794,Frozen,NULL,KLONDIKE,False,KLONDIKE,5332f5f6e4b03c9a25efd0b4
592486bee410d61fcea3d12a,511111600848,Frozen,NULL,FRUTTARE,NULL,FRUTTARE,53e10d6368abd3c7065097cc
5da60576a60b87376833e349,511111305569,Health & Wellness,NULL,AFRIN® NO DRIP PUMP MISTS,NULL,511111305569,53e10d6368abd3c7065097cc
5332f5f5e4b03c9a25efd0b0,511111404002,NULL,NULL,Betty Crocker,NULL,511111404002,5332f5f3e4b03c9a25efd0ae
580dff9fe4b0f32b2de21382,511111701859,Baking,NULL,Knox Gelatin,False,KNOX,559c2234e4b06aca36af13c6
5da608131dda2c3e1416ae8a,511111505716,Health & Wellness,NULL,Claritin® ADULTS,NULL,511111505716,53e10d6368abd3c7065097cc
588b9f8fe4b02187f85cdada,511111501107,Snacks,NULL,Planters,False,PLANTERS,559c2234e4b06aca36af13c6
592486bde410d61fcea3d127,511111800873,Personal Care,PERSONAL_CARE,DEGREE,False,DEGREE,5332f5f6e4b03c9a25efd0b4
5a4d23dae4b0bcb2c74ea77e,511111000518,Beverages,NULL,Caleb's Kola,False,CALEB'S KOLA,5332f5fbe4b03c9a25efd0ba
5d66dc946d5f3b6188d4f04e,511111305408,Beverages,NULL,Lemon Lemon Sparkling Drinks,NULL,LEMON LEMON,5332f5fbe4b03c9a25efd0ba
592486bfe410d61fcea3d140,511111300656,Personal Care,PERSONAL_CARE,VASELINE,False,VASELINE,5332f5f6e4b03c9a25efd0b4
5d658ff3a3a018514994f432,511111005216,Magazines,NULL,Cooking Light Magazine,NULL,511111005216,53e10d6368abd3c7065097cc
5ef4f667be37ce2efae842ea,511111715047,Cleaning & Home Improvement,CLEANING_AND_HOME_IMPROVEMENT,Pinesol,NULL,PINESOL,5eebc5412455c97a877ef382
55b6308ee4b0d8e685c1421a,511111202677,NULL,NULL,Snapple,NULL,511111202677,55b62995e4b0d8e685c14213
5332f760e4b03c9a25efd11b,511111603719,NULL,NULL,Honest Ade,NULL,511111603719,5332f5ebe4b03c9a25efd0a8
5d642dbfa3a018514994f42e,511111005148,Magazines,NULL,Shape,NULL,511111005148,5d5d4fd16d5f3b23d1bc7905
5e3875d2ee7f2d697e835bce,511111013914,Beauty,NULL,Essie,NULL,ESSIE,5e28b81cee7f2d697e835bcd
5332f9f3e4b03c9a25efd1c9,511111303220,NULL,NULL,Pop-tarts,NULL,511111303220,5332f5f2e4b03c9a25efd0aa
5c45f91b87ff3552f950f027,511111204923,Grocery,NULL,Brand1,True,0987654321,5c45f8b087ff3552f950f026
58861c7d4e8d0d20bc42c4d6,511111601449,Snacks,NULL,Jell-O Refrigerated Pudding & Gelatin,False,511111601449,559c2234e4b06aca36af13c6
55b630fde4b0d8e685c14223,511111502586,NULL,NULL,Diet Dr. Pepper,NULL,511111502586,55b62995e4b0d8e685c14213
5ab158e8e4b0915382df7622,511111404446,Canned Goods & Soups,NULL,Campbell's Well Yes!,False,CAMPBELLS WELL YES,5a734034e4b0d58f376be874
5fb82236be37ce522e165cdf,511111217749,NULL,NULL,Beef Steak,False,BEEF STEAK,5fb6b608be37ce522e165cb9
5a02188be4b00d6a5ccb394d,511111300588,Beauty,NULL,POND'S,False,POND'S,5332f5f6e4b03c9a25efd0b4
5e387617ee7f2d697e835bd0,511111713937,Beauty,NULL,L’Oreal Paris - Cosmetics,NULL,L’OREAL PARIS - COSMETICS,5e28b81cee7f2d697e835bcd
57ebc2ace4b0ac389136a346,511111801962,Deli,NULL,P3,False,511111801962,559c2234e4b06aca36af13c6
5da6094ca60b87376833e357,511111605829,Health & Wellness,NULL,ONE A DAY® MENS,NULL,511111605829,53e10d6368abd3c7065097cc
585a9726e4b03e62d1ce0e95,511111501497,Beverages,NULL,Tazo,NULL,511111501497,53e10d6368abd3c7065097cc
5332f7d3e4b03c9a25efd14e,511111803393,Snacks,NULL,Cheez-It,NULL,511111803393,5332f5f2e4b03c9a25efd0aa
5afda3a8e4b03bf01c2a2967,511111604525,Snacks,NULL,Snack Factory,False,SNACK FACTORY,5a734034e4b0d58f376be874
57c08294e4b0718ff5fcb039,511111202448,NULL,NULL,Jupiler,NULL,511111202448,5332f7a7e4b03c9a25efd134
5332f77ce4b03c9a25efd12a,511111703617,NULL,NULL,Gardetto's,NULL,511111703617,5332f5f3e4b03c9a25efd0ae
5332f9ede4b03c9a25efd1c2,511111403289,NULL,NULL,Danimals,NULL,511111403289,5332f7ffe4b03c9a25efd16b
58861c7e4e8d0d20bc42c4e2,511111201403,Beer Wine Spirits,NULL,Miller 64,False,MILLER64,5332f709e4b03c9a25efd0f1
592486bee410d61fcea3d12d,511111700814,Dairy,NULL,I CAN'T BELIEVE IT'S NOT BUTTER!,NULL,I CAN'T BELIEVE IT'S NOT BUTTER!,53e10d6368abd3c7065097cc
5da608dfa60b87376833e354,511111805786,Health & Wellness,NULL,ONE A DAY® ENERGY ,NULL,511111805786,53e10d6368abd3c7065097cc
57ebc28be4b0ac389136a344,511111501985,Condiments & Sauces,NULL,Miracle Whip,False,KRAFT MIRACLE WHIP,559c2234e4b06aca36af13c6
58b59989e4b0857c2ddb7255,511111400998,Beer Wine Spirits,NULL,Redd's Wicked,False,511111400998,5332f709e4b03c9a25efd0f1
5a5d257fe4b06ba572cf24a3,511111300212,Beer Wine Spirits,NULL,Sheaf Stout,NULL,SHEAF STOUT,5332f709e4b03c9a25efd0f1
585a963ce4b03e62d1ce0e78,511111001768,Snacks,NULL,Cheetos,True,CHEETOS,5332f5fbe4b03c9a25efd0ba
5fb82a68be37ce522e165ce6,511111217817,Grocery,GROCERY,Nature's Harvest,False,NATURES HARVEST,5fb6b608be37ce522e165cb9
5d6415d5a3a018514994f429,511111605058,Magazines,NULL,Health Magazine,NULL,511111605058,5d5d4fd16d5f3b23d1bc7905
5332fa7ae4b03c9a25efd229,511111402961,NULL,NULL,Fanta,NULL,511111402961,5332f5ebe4b03c9a25efd0a8
5bd201cc965c7d66d92731ee,511111704706,Household,NULL,Scott,False,SCOTT,550b2565e4b001d5e9e4146f
5daf3507a60b87376833e35c,511111505921,Health & Wellness,NULL,EPIC™,NULL,EPIC,5332f5f3e4b03c9a25efd0ae
58861c7e4e8d0d20bc42c4de,511111901426,Beer Wine Spirits,NULL,Grolsch Lager,False,GROLSCH,5332f709e4b03c9a25efd0f1
5a5e32c3e4b06ba572cf24aa,511111400042,Beer Wine Spirits,NULL,Magnum,NULL,MAGNUM,5332f709e4b03c9a25efd0f1
5332fa7be4b03c9a25efd22b,511111702948,NULL,NULL,Diet Cherry Coke,NULL,511111702948,5332f5ebe4b03c9a25efd0a8
58861c7e4e8d0d20bc42c4e0,511111701415,Beer Wine Spirits,NULL,Killians,False,KILLIAN'S,5332f709e4b03c9a25efd0f1
5332f775e4b03c9a25efd127,511111403630,NULL,NULL,Cheerios,NULL,511111403630,5332f5f3e4b03c9a25efd0ae
581ce962e4b058c71f74c443,511111301813,NULL,NULL,.,NULL,511111301813,581ce8d5e4b058c71f74c442
5332fa08e4b03c9a25efd1d8,511111903130,NULL,NULL,Frosted Flakes,NULL,511111903130,5332f5f2e4b03c9a25efd0aa
58b5988ce4b0857c2ddb7252,511111301028,Beer Wine Spirits,NULL,Henry's Hard Sparkling,False,511111301028,5332f709e4b03c9a25efd0f1
57ebc125e4b0ac389136a33b,511111302063,Grocery,NULL,Kraft Macaroni & Cheese,False,511111302063,559c2234e4b06aca36af13c6
5332f7c8e4b03c9a25efd148,511111403401,NULL,NULL,Cascadian Farm,NULL,511111403401,5332f5f3e4b03c9a25efd0ae
57ebc2c8e4b0ac389136a349,511111901938,Grocery,NULL,Shake N' Bake,False,KRAFT SHAKE 'N BAKE,559c2234e4b06aca36af13c6
588ba032e4b02187f85cdadc,511111401087,Condiments & Sauces,NULL,HP Sauce,False,HP,559c2234e4b06aca36af13c6
5dc0773ea60b873d6b0666ce,511111206262,Breakfast & Cereal,NULL,Drumstick™ Cereal,NULL,DRUMSTICK CEREAL,5332f5f3e4b03c9a25efd0ae
5da60649a60b87376833e34b,511111105602,Health & Wellness,NULL,ALEVE® D SINUS & COLD,NULL,ALEVE D SINUS & COLD,53e10d6368abd3c7065097cc
580dff84e4b0f32b2de2137f,511111601883,Dairy,NULL,Cheez Whiz,False,CHEEZ WHIZ,559c2234e4b06aca36af13c6
57d957f2e4b0ac389136a2b4,511111502371,Frozen,NULL,Cool Whip,False,COOL WHIP,559c2234e4b06aca36af13c6
5daf59751dda2c3e1416ae99,511111006022,Breakfast & Cereal,NULL,Trix™,NULL,TRIX,5332f5f3e4b03c9a25efd0ae
5da60859a60b87376833e352,511111405740,Health & Wellness,NULL,Flintstones™ Vitamins,False,FLINTSTONES,5d9b4f591dda2c6225a284aa
5fb81935be37ce522e165cda,511111217695,Beer Wine Spirits,BEER_WINE_SPIRITS,Absolut® Grapefruit,False,ABSOLUT® GRAPEFRUIT,5fb6d381be37ce522e165cbd
5fb6d726be37ce522e165cc0,511111317432,Beer Wine Spirits,BEER_WINE_SPIRITS,Altos®,False,ALTOS,5fb6d381be37ce522e165cbd
5fb800f1be37ce522e165ccb,511111417545,Beer Wine Spirits,BEER_WINE_SPIRITS,Del Maguey® Vida,False,DEL MAGUEY ,5fb6d381be37ce522e165cbd
5fb80b63be37ce522e165cd1,511111917601,Beer Wine Spirits,BEER_WINE_SPIRITS,Jameson® Black Barrel ,False,JAMESON® BLACK BARREL ,5fb6d381be37ce522e165cbd
5fb808a1be37ce522e165ccf,511111817581,Beer Wine Spirits,BEER_WINE_SPIRITS,Jameson® ,False,JAMESON,5fb6d381be37ce522e165cbd
5fb7e62dbe37ce522e165cc3,511111217466,Beer Wine Spirits,BEER_WINE_SPIRITS,Monkey 47®,False,MONKEY 47,5fb6d381be37ce522e165cbd
5fb80d7cbe37ce522e165cd2,511111417613,Beer Wine Spirits,BEER_WINE_SPIRITS,Malibu® Original,False,MALIBU,5fb6d381be37ce522e165cbd
5fb7e962be37ce522e165cc6,511111417491,Beer Wine Spirits,BEER_WINE_SPIRITS,Lillet®,False,LILLET,5fb6d381be37ce522e165cbd
5d642de76d5f3b23d1bc7911,511111705161,Magazines,NULL,Traditional Home,NULL,511111705161,5d5d4fd16d5f3b23d1bc7905
57c0827de4b0718ff5fcb037,511111902461,Baby,NULL,Antarctica,True,AMP2,5332f7a7e4b03c9a25efd134
5332fa03e4b03c9a25efd1d5,511111603153,NULL,NULL,Fruit Flavored Snacks,NULL,511111603153,53e10d6368abd3c7065097cc
5a8c3577e4b07f0a2dac8945,511111404163,Snacks,NULL,Kelsen,False,KELSEN,5a734034e4b0d58f376be874
5da60932a60b87376833e356,511111405818,Health & Wellness,NULL,ONE A DAY® KIDS AND TEENS,NULL,511111405818,53e10d6368abd3c7065097cc
5da606581dda2c3e1416ae85,511111605614,Health & Wellness,NULL,ALEVE® DIRECT THERAPY PAIN RELIEF DEVICES,NULL,ALEVE DIRECT THERAPY PAIN RELIEF DEVICES,53e10d6368abd3c7065097cc
5a5d1ba9e4b0db471c2d0422,511111600404,Beer Wine Spirits,NULL,Colorado Native,NULL,COLORADO NATIVE,5332f709e4b03c9a25efd0f1
585a9714e4b03e62d1ce0e92,511111801528,Beverages,NULL,SoBe,NULL,SOBE,5332f5fbe4b03c9a25efd0ba
57ebc026e4b0ac389136a338,511111502098,Dairy,NULL,Knudsen,False,KNUDSEN,559c2234e4b06aca36af13c6
5da608a8a60b87376833e353,511111105763,Health & Wellness,NULL,MiraLAX® Laxatives,NULL,511111105763,53e10d6368abd3c7065097cc
5d66dda06d5f3b6188d4f050,511111005421,Magazines,NULL,Pillsbury Magazine,NULL,511111005421,5d5d4fd16d5f3b23d1bc7905
585a9637e4b03e62d1ce0e77,511111501770,Breakfast & Cereal,NULL,Cap'n Crunch,True,CAP'N CRUNCH,53e10d6368abd3c7065097cc
5332fa79e4b03c9a25efd226,511111602996,NULL,NULL,Mello Yello,NULL,511111602996,5332f5ebe4b03c9a25efd0a8
5fb82359be37ce522e165ce1,511111917762,Grocery,GROCERY,Mrs Baird's ,False,MRS BAIRD'S,5fb6b608be37ce522e165cb9
592486bfe410d61fcea3d13f,511111500667,Personal Care,PERSONAL_CARE,TRESEMME,False,TRESEMME,5332f5f6e4b03c9a25efd0b4
552ecca1e4b02ff29f99b215,511111202721,NULL,NULL,Top Care,NULL,511111202721,5459429be4b0bfcb1e864082
5a5e3615e4b06ba572cf24ab,511111700029,Beverages,NULL,PURE LEAF Iced Tea Beverages,False,PURE LEAF Iced Tea Beverages,5332f5fbe4b03c9a25efd0ba
5e5ff1f7ee7f2d0b35b2a18e,511111414049,Health & Wellness,HEALTHY_AND_WELLNESS,ONE A DAY® KIDS,NULL,ONE A DAY KIDS,5d9b4f591dda2c6225a284aa
585a967fe4b03e62d1ce0e80,511111801689,Snacks,NULL,Lay's Kettle Cooked,True,511111801689,5332f5fbe4b03c9a25efd0ba
5d66dd526d5f3b6188d4f04f,511111805410,Beverages,NULL,LIFEWTR,False,LIFEWTR,5332f5fbe4b03c9a25efd0ba
5d6412f86d5f3b23d1bc7909,511111804994,Magazines,NULL,Eating Well Magazine,NULL,511111804994,5d5d4fd16d5f3b23d1bc7905
5332f608e4b03c9a25efd0c1,511111903901,NULL,NULL,Sierra Mist,NULL,511111903901,53e10d6368abd3c7065097cc
5c49d161f0276e7719673719,511111904731,Baby,NULL,SIMILAC,NULL,SIMILAC,59b96571e4b0bf7c7980588b
5da60843a60b87376833e351,511111205739,Health & Wellness,HEALTHY_AND_WELLNESS,Coricidin® HBP,False,CORICIDIN HBP,5d9b4f591dda2c6225a284aa
5a5d29fde4b0db471c2d0433,511111400110,Beauty & Personal Care,NULL,Badedas,NULL,BADEDAS,53e10d6368abd3c7065097cc
54594387e4b0bfcb1e864083,511111902744,NULL,NULL,Shurfine,NULL,511111902744,5459429be4b0bfcb1e864082
585a96d2e4b03e62d1ce0e89,511111001607,Beverages,NULL,Pepsi Diet,False,511111001607,5332f5fbe4b03c9a25efd0ba
5332f9fee4b03c9a25efd1d0,511111803164,NULL,NULL,Apple Jacks/Cinnamon Jacks,NULL,511111803164,5332f5f2e4b03c9a25efd0aa
5332fa73e4b03c9a25efd21c,511111703051,NULL,NULL,Diet Coke,NULL,511111703051,5332f5ebe4b03c9a25efd0a8
5332f7afe4b03c9a25efd13d,511111203483,NULL,NULL,Shock Top,NULL,511111203483,5332f7a7e4b03c9a25efd134
5d540e65a3a018514994f41f,511111404880,Frozen,NULL,Benihana Frozen Entrees,NULL,BENIHANA,559c2234e4b06aca36af13c6
5daf46261dda2c3e1416ae96,511111905967,Dairy,NULL,Mountain High™,NULL,MOUNTAIN HIGH,5332f5f3e4b03c9a25efd0ae
585a972de4b03e62d1ce0e96,511111001485,Snacks,NULL,Tostitos,NULL,TOSTITOS,5332f5fbe4b03c9a25efd0ba
580e015be4b0f32b2de21385,511111501824,Condiments & Sauces,NULL,Kraft BBQ Sauce,False,511111501824,559c2234e4b06aca36af13c6
5f5900d4be37ce21f1287c11,511111516569,Baby,BABY,Gerber Baby Food,NULL,GERBER BABY FOOD,5f58fa84be37ce21f1287c0f
5a8c33f3e4b07f0a2dac8943,511111504139,Grocery,NULL,Pace,False,PACE,5a734034e4b0d58f376be874
5ab1589ae4b0915382df7621,511111204435,Canned Goods & Soups,NULL,Campbell's Slow Kettle,False,CAMPBELLS SLOW KETTLE ,5a734034e4b0d58f376be874
5afda22ee4b03bf01c2a2965,511111304494,Snacks,NULL,Archway,False,ARCHWAY,5a734034e4b0d58f376be874
588b9ff4e4b02187f85cdadb,511111901099,Condiments & Sauces,NULL,Kraft Salad Dressing,False,511111901099,559c2234e4b06aca36af13c6
5ec2dde7be37ce5234ec36bb,511111314653,Health & Wellness,HEALTHY_AND_WELLNESS,Bayer® Aspirin,False,BAYER® ASPIRIN,5d9b4f591dda2c6225a284aa
5bd200c690fa074576779a16,511111004639,Personal Care,PERSONAL_CARE,Depend,False,DEPEND,550b2565e4b001d5e9e4146f
5daf35a8a60b87376833e35d,511111005933,Snacks,NULL,Nature Valley™,NULL,NATURE VALLEY,5332f5f3e4b03c9a25efd0ae
5fb6b82dbe37ce522e165cbc,511111117407,Bread & Bakery,BREAD_AND_BAKERY,Anzio ,False,ANZIO,5fb6b608be37ce522e165cb9
5d641306a3a018514994f427,511111705000,Magazines,NULL,Family Circle,NULL,511111705000,5d5d4fd16d5f3b23d1bc7905
55b630f5e4b0d8e685c14222,511111002598,NULL,NULL,Diet Rite,NULL,511111002598,55b62995e4b0d8e685c14213
5db780a6a60b87376833e369,511111806172,Dairy,NULL,Hershey's Whipped Topping,NULL,HERSHEY'S WHIPPED TOPPING,559c2234e4b06aca36af13c6
5332f5f2e4b03c9a25efd0a9,511111804048,NULL,NULL,Eggo,NULL,511111804048,5332f5f2e4b03c9a25efd0aa
592486bee410d61fcea3d12e,511111200802,Dairy,NULL,IMPERIAL,NULL,IMPERIAL,53e10d6368abd3c7065097cc
57c082a6e4b0718ff5fcb03b,511111502425,NULL,NULL,Modelo Especial,NULL,511111502425,5332f7a7e4b03c9a25efd134
5da606ae1dda2c3e1416ae86,511111305637,Health & Wellness,NULL,ALEVE® PM NIGHT TIME,NULL,ALEVE PM NIGHT TIME,53e10d6368abd3c7065097cc
5a8c5e74e4b07f0a2dac8947,511111904229,Personal Care,NULL,ApotheCARE Essentials,False,APOTHECARE ESSENTIALS,5332f5f6e4b03c9a25efd0b4
57e5817ae4b0ac389136a30c,511111902256,Beer Wine Spirits,NULL,Henry's Hard Soda,False,HENRY WEINHARD'S,5332f709e4b03c9a25efd0f1
5ab15392e4b0915382df761d,511111204367,Canned Goods & Soups,NULL,Campbell's Chunky,False,CAMPBELLS CHUNKY ,5a734034e4b0d58f376be874
5e5ff265ee7f2d0b35b2a18f,511111914051,Health & Wellness,NULL,ONE A DAY® WOMENS,NULL,ONE A DAY® WOMENS,53e10d6368abd3c7065097cc
5332fb83e4b03c9a25efd24a,511111502869,NULL,NULL,Town House,NULL,511111502869,5332f5f2e4b03c9a25efd0aa
5ef38672be37ce02da95b72f,511111515036,Outdoor,OUTDOOR,Kingsford Charcoal,NULL,KINGSFORD,5eebc5412455c97a877ef382
5daf6baaa60b87376833e364,511111206101,Dairy,NULL,Yoplait® Go-GURT®,NULL,YOPLAIT GO-GURT,5332f5f3e4b03c9a25efd0ae
5a4d1f06e4b0d5c3fd86b678,511111700531,Snacks,NULL,FRITO-LAY,True,FRITO-LAY,5332f5fbe4b03c9a25efd0ba
57ebc003e4b0ac389136a333,511111502142,Condiments & Sauces,NULL,Grey Poupon,False,GREY POUPON,559c2234e4b06aca36af13c6
5ec2dda8be37ce5234ec36ba,511111814641,Health & Wellness,HEALTHY_AND_WELLNESS,Berroca®,NULL,BERROCA®,5d9b4f591dda2c6225a284aa
58861c7f4e8d0d20bc42c4f9,511111301301,Beverages,NULL,Propel,False,PROPEL,5332f5fbe4b03c9a25efd0ba
58b59a68e4b0857c2ddb7257,511111700975,Beer Wine Spirits,NULL,Milwaukee's Best Ice,False,MILWAUKEE'S BEST,5332f709e4b03c9a25efd0f1
5332f753e4b03c9a25efd10f,511111703778,NULL,NULL,NOS,NULL,511111703778,5332f5ebe4b03c9a25efd0a8
5a4d250ce4b0d5c3fd86b67b,511111400486,Snacks,NULL,SPITZ,NULL,SPITZ,5332f5fbe4b03c9a25efd0ba
5d9d0270a60b87376833e347,511111405535,Snacks,NULL,IMAGINE,NULL,IMAGINE,5332f5fbe4b03c9a25efd0ba
5d658fd1a3a018514994f431,511111905196,NULL,NULL,BETTER HOMES AND GARDENS Special Edition Magazine - Food ,NULL,511111905196,53e10d6368abd3c7065097cc
58b599fee4b0857c2ddb7256,511111900986,Beer Wine Spirits,NULL,Steel Reserve Alloy Series,False,511111900986,5332f709e4b03c9a25efd0f1
5a5d278de4b0db471c2d042f,511111800156,Beer Wine Spirits,NULL,Tusk & Grain,NULL,TUSK & GRAIN,5332f709e4b03c9a25efd0f1
5332f7eee4b03c9a25efd15e,511111103370,Beer Wine Spirits,NULL,Redd's Apple Ale,False,REDD'S ALE,5332f709e4b03c9a25efd0f1
5afda18ee4b0c11cfecd49f5,511111104469,Snacks,NULL,Lance,False,LANCE,5a734034e4b0d58f376be874
5a8c363ce4b0ccf165fac9e7,511111104186,Grocery,NULL,Pacific Foods,False,PACIFIC FOODS,5a734034e4b0d58f376be874
5dd557081dda2c1971449a7a,511111606376,Dairy,NULL,Yoplait® Dunkers,NULL,YOPLAIT DUNKERS,5332f5f3e4b03c9a25efd0ae
5332f774e4b03c9a25efd126,511111603641,NULL,NULL,Fiber One,NULL,511111603641,5332f5f3e4b03c9a25efd0ae
5a021703e4b00efe02b02a58,511111800590,Canned Goods & Soups,NULL,LIPTON Soup,False,LIPTON Soup,5332f5f6e4b03c9a25efd0b4
5dc2da1fa60b873d6b0666d3,511111406341,Breakfast & Cereal,NULL,Minions™ Cereal,NULL,MINIONS CEREAL,53e10d6368abd3c7065097cc
5d2f69a6a3a01810a2174aec,511111504856,Household,NULL,LOVE HOME AND PLANET,NULL,LOVE HOME AND PLANET,5332f5f6e4b03c9a25efd0b4
5f2336cfbe37ce7958c5952c,511111715276,Health & Wellness,HEALTHY_AND_WELLNESS,OneTouch®,NULL,ONETOUCH,5f036ccc2455c947fde9362f
55a41b88e4b0d0a65b3692f0,511111902690,Dairy,NULL,Kraft,False,KRAFT,559c2234e4b06aca36af13c6
5daf70071dda2c3e1416ae9e,511111906124,Breakfast & Cereal,NULL,Basic 4™,NULL,BASIC 4,5332f5f3e4b03c9a25efd0ae
5a8c31bfe4b0ccf165fac9e4,511111804116,Canned Goods & Soups,NULL,Wolfgang Puck,False,WOLFGANG PUCK,5a734034e4b0d58f376be874
5a8c378ce4b07f0a2dac8946,511111704218,Breakfast & Cereal,NULL,The Soulfull Project,NULL,THE SOULFUL PROJECT,53e10d6368abd3c7065097cc
580dff97e4b0f32b2de21381,511111901860,Baking,NULL,Dream Whip,False,DREAM WHIP,559c2234e4b06aca36af13c6
5332fa6be4b03c9a25efd217,511111903062,NULL,NULL,Brew Pub,NULL,511111903062,5332fa12e4b03c9a25efd1e7
5a8f64c6e4b0a2e2844f5695,511111104254,Snacks,NULL,Kjeldsen,False,KJELDSEN,5a734034e4b0d58f376be874
57ebc134e4b0ac389136a33d,511111602040,Dairy,NULL,Kraft Cheese,False,511111602040,559c2234e4b06aca36af13c6
5a8c35dde4b0ccf165fac9e6,511111904175,Grocery,NULL,Pepperidge Farm,False,PEPPERIDGE FARM,5a734034e4b0d58f376be874
5332f760e4b03c9a25efd11a,511111803720,NULL,NULL,Honest Tea,NULL,511111803720,5332f5ebe4b03c9a25efd0a8
5332f9f0e4b03c9a25efd1c3,511111203278,Snacks,NULL,Pringles,NULL,511111203278,5332f5f2e4b03c9a25efd0aa
58861c7e4e8d0d20bc42c4e3,511111601395,Beer Wine Spirits,NULL,Miller High Life,False,MILLER HIGH LIFE,5332f709e4b03c9a25efd0f1
585b0b23e4b03e62d1ce0e99,511111101451,Breakfast & Cereal,NULL,Quaker,False,QUAKER,53e10d6368abd3c7065097cc
5332f7ffe4b03c9a25efd16a,511111703334,NULL,NULL,All Natural,NULL,511111703334,5332f7ffe4b03c9a25efd16b
5da608291dda2c3e1416ae8b,511111705727,Health & Wellness,NULL,Claritin® KIDS,NULL,511111705727,53e10d6368abd3c7065097cc
57d848efe4b0ac389136a2aa,511111302414,Dairy,NULL,Athenos,False,ATHENOS,559c2234e4b06aca36af13c6
5a5d2c1fe4b06ba572cf24a8,511111100065,Beauty & Personal Care,NULL,Sedal,NULL,SEDAL,53e10d6368abd3c7065097cc
5d603537a3a018514994f424,511111404958,Snacks,NULL,Red Rock Deli Chips,False,RED ROCK DELI,5332f5fbe4b03c9a25efd0ba
5da607a9a60b87376833e34f,511111905684,Health & Wellness,NULL,ALKA SELTZER PLUS® SINUS CAP/ GEL/ TAB,NULL,ALKA SELTZER PLUS SINUS CAP/ GEL/ TAB,53e10d6368abd3c7065097cc
585a970ee4b03e62d1ce0e91,511111301530,Snacks,NULL,Smartfood,NULL,SMARTFOOD,5332f5fbe4b03c9a25efd0ba
58863e1ee4b02187f85cdace,511111101222,Deli,NULL,Oscar Mayer,False,OSCAR MAYER,559c2234e4b06aca36af13c6
5a5d234be4b06ba572cf249f,511111400271,Beer Wine Spirits,NULL,Lech,NULL,LECH PREMIUM,5332f709e4b03c9a25efd0f1
5d642d946d5f3b23d1bc7910,511111805137,Magazines,NULL,Real Simple,NULL,511111805137,5d5d4fd16d5f3b23d1bc7905
5fb8292abe37ce522e165ce3,511111617785,Grocery,GROCERY,Heiners,False,HEINERS,5fb6b608be37ce522e165cb9
5d6419346d5f3b23d1bc790e,511111005094,Magazines,NULL,Parents,NULL,PARENTS,5d5d4fd16d5f3b23d1bc7905
5332fa0ae4b03c9a25efd1dd,511111203117,NULL,NULL,Smart Start,NULL,511111203117,5332f5f2e4b03c9a25efd0aa
5ccb2ece166eb31bbbadccbe,511111504788,Condiments & Sauces,NULL,The Pioneer Woman,NULL,PIONEER WOMAN,559c2234e4b06aca36af13c6
5d6419746d5f3b23d1bc790f,511111605102,Magazines,NULL,People en Espanol,NULL,511111605102,5d5d4fd16d5f3b23d1bc7905
5a5d1fbfe4b0db471c2d0428,511111100294,Beer Wine Spirits,NULL,Hop Valley,NULL,HOP VALLEY,5332f709e4b03c9a25efd0f1
580dffade4b0f32b2de21384,511111001836,Beverages,NULL,Yuban Coffee,False,YUBAN,559c2234e4b06aca36af13c6
5d6423ffa3a018514994f42c,511111105114,Magazines,NULL,People Magazine,NULL,511111105114,5d5d4fd16d5f3b23d1bc7905
592486bfe410d61fcea3d13d,511111000679,Personal Care,NULL,TIGI,False,TIGI,5332f5f6e4b03c9a25efd0b4
5daf3365a60b87376833e35b,511111805908,Breakfast & Cereal,NULL,Autumn's Gold™,NULL,AUTUMN'S GOLD,5332f5f3e4b03c9a25efd0ae
5a5d2a86e4b06ba572cf24a6,511111900108,Beauty & Personal Care,NULL,Brooke Bond,NULL,BROOKE BOND,53e10d6368abd3c7065097cc
5d6415c66d5f3b23d1bc790c,511111105046,Magazines,NULL,Food & Wine Magazine,NULL,511111105046,5d5d4fd16d5f3b23d1bc7905
57c08285e4b0718ff5fcb038,511111702450,NULL,NULL,Quilmes,NULL,511111702450,5332f7a7e4b03c9a25efd134
5332f709e4b03c9a25efd0f0,511111903857,Beer Wine Spirits,NULL,Coors Light,False,COORS,5332f709e4b03c9a25efd0f1
5dc1aaf51dda2c0ad7da64ad,511111506317,Beverages,NULL,BOLT24,NULL,BOLT 24,5332f5fbe4b03c9a25efd0ba
58861c7f4e8d0d20bc42c4f8,511111801313,Beverages,NULL,Mist Twst,False,MIST TWST,5332f5fbe4b03c9a25efd0ba
5fd28f0cbe37ce6d53dfc692,511111518044,Dairy & Refrigerated,DAIRY_AND_REFRIGERATED,Sargento® Cheese,False,SARGENTO,5e7cf838f221c312e698a628
5da60785a60b87376833e34e,511111705673,Health & Wellness,HEALTHY_AND_WELLNESS,Alka-Seltzer Plus®,False,ALKA SELTZER PLUS,5d9b4f591dda2c6225a284aa
5332f7ace4b03c9a25efd13a,511111803515,NULL,NULL,Michelob Ultra,NULL,511111803515,5332f7a7e4b03c9a25efd134
5daf5d1aa60b87376833e361,511111506034,Breakfast & Cereal,NULL,Cocoa Puffs™,NULL,COCOA PUFFS,5332f5f3e4b03c9a25efd0ae
5afda26ce4b0c11cfecd49f8,511111904502,Snacks,NULL,Jay's,False,JAYS,5a734034e4b0d58f376be874
592486bee410d61fcea3d130,511111100782,Grocery,NULL,KNORR,False,KNORR,5332f5f6e4b03c9a25efd0b4
57c0812de4b0718ff5fcb02e,511111402527,NULL,NULL,Crunchy Nut,NULL,511111402527,5332f5f2e4b03c9a25efd0aa
5a5d1c62e4b0db471c2d0424,511111500384,Beer Wine Spirits,NULL,Cristal,NULL,CRISTAL,5332f709e4b03c9a25efd0f1
57ebbcc2e4b0ac389136a32c,511111502210,Frozen,NULL,Boca,False,BOCA,559c2234e4b06aca36af13c6
5c409ab4cd244a3539b84162,511111004790,Baking,NULL,alexa,True,ALEXA,55b62995e4b0d8e685c14213
5daf54ec1dda2c3e1416ae98,511111806011,Breakfast & Cereal,NULL,KIX™,NULL,KIX,5332f5f3e4b03c9a25efd0ae
5d658fc0a3a018514994f430,511111205173,NULL,NULL,Allrecipes Special Edition Magazine,NULL,511111205173,53e10d6368abd3c7065097cc
585a966be4b03e62d1ce0e7e,511111901709,Snacks,NULL,Grandma's,True,GRANDMA'S,5332f5fbe4b03c9a25efd0ba
5a5d24c2e4b0db471c2d042b,511111500223,Beer Wine Spirits,NULL,Sharp's,NULL,SHARP'S NEAR BEER,5332f709e4b03c9a25efd0f1
5332f7e0e4b03c9a25efd151,511111303381,NULL,NULL,Good Earth,NULL,511111303381,5332f5f3e4b03c9a25efd0ae
5db77d891dda2c3e1416ae9f,511111106159,Beverages,NULL,Baileys Coffee Products,NULL,BAILEYS,559c2234e4b06aca36af13c6
5f21c852be37ce7958c59529,511111515241,Cleaning & Home Improvement,CLEANING_AND_HOME_IMPROVEMENT,FINISH®,NULL,FINISH,5f10c05cbe37ce238c6cabaf
5bcdfc5a965c7d66d92731e9,511111304616,Beverages,NULL,V8 Hydrate,NULL,511111304616,53e10d6368abd3c7065097cc
57ebc017e4b0ac389136a336,511111602118,Baking,NULL,Jell-O,False,JELL-O,559c2234e4b06aca36af13c6
5ab15207e4b0be0a89bb0b04,511111304333,Snacks,NULL,Goldfish,False,GOLDFISH,5a734034e4b0d58f376be874
5332f5f6e4b03c9a25efd0b2,511111703983,NULL,NULL,Coca-Cola,NULL,511111703983,5332f5ebe4b03c9a25efd0a8
58861c7f4e8d0d20bc42c500,511111801245,Snacks,NULL,Quaker Rice Cakes,False,511111801245,5332f5fbe4b03c9a25efd0ba
5cc725bd166eb31bbbadccbd,511111304777,Beer Wine Spirits,NULL,Cape Line,NULL,CAPE LINE,5332f709e4b03c9a25efd0f1
585a96b3e4b03e62d1ce0e85,511111201632,Grocery,NULL,Near East,NULL,NEAR EAST,5332f5fbe4b03c9a25efd0ba
5332f6f4e4b03c9a25efd0ed,511111103868,NULL,NULL,Peace Tea,NULL,511111103868,5332f5ebe4b03c9a25efd0a8
5d642dd1a3a018514994f42f,511111505150,Magazines,NULL,Southern Living,NULL,511111505150,5d5d4fd16d5f3b23d1bc7905
5332f802e4b03c9a25efd16d,511111003311,NULL,NULL,Light & Fit,NULL,511111003311,5332f7ffe4b03c9a25efd16b
5ef3860fbe37ce02da95b72e,511111015024,Cleaning & Home Improvement,CLEANING_AND_HOME_IMPROVEMENT,Clorox,NULL,CLOROX,5eebc5412455c97a877ef382
585a9698e4b03e62d1ce0e83,511111901655,Beverages,NULL,Mountain Dew Diet,False,511111901655,5332f5fbe4b03c9a25efd0ba
5a5e36d6e4b06ba572cf24ac,511111500018,Dairy,NULL,May-Bud,False,MAY-BUD,559c2234e4b06aca36af13c6
55bf8c6ce4b0d8e685c1489d,511111802563,Beverages,NULL,Gatorade,False,GATORADE,5332f5fbe4b03c9a25efd0ba
5a8c3140e4b07f0a2dac8941,511111304104,Grocery,NULL,Garden Fresh Gourmet,False,GARDEN FRESH GOURMET,5a734034e4b0d58f376be874
5a5d17ede4b06ba572cf2498,511111000440,Breakfast & Cereal,NULL,AUNT JEMIMA Dry Breakfast Mixes,False,AUNT JEMIMA DRY BREAKFAST MIXES,5332f5fbe4b03c9a25efd0ba
5a5d23f1e4b06ba572cf24a0,511111700258,Beer Wine Spirits,NULL,Olde English,NULL,OLDE ENGLISH,5332f709e4b03c9a25efd0f1
58861c7e4e8d0d20bc42c4f6,511111501336,Snacks,NULL,Matador Snacks,NULL,MATADOR,5332f5fbe4b03c9a25efd0ba
580dff8fe4b0f32b2de21380,511111401872,Dairy,NULL,DiGiorno Cheese,NULL,511111401872,53e10d6368abd3c7065097cc
5d66d516a3a018093ab34725,511111305286,Magazines,NULL,Country Home Magazine,NULL,511111305286,5d5d4fd16d5f3b23d1bc7905
5daf4f9ca60b87376833e360,511111105992,Breakfast & Cereal,NULL,Reese's® Puffs,NULL,REESE'S PUFFS,5332f5f3e4b03c9a25efd0ae
5daf6e31a60b87376833e365,511111706113,Breakfast & Cereal,NULL,Golden Grahams™,NULL,GOLDEN GRAHAMS,5332f5f3e4b03c9a25efd0ae
5332f7ace4b03c9a25efd13b,511111303503,NULL,NULL,Bacardi,NULL,511111303503,5332f7a7e4b03c9a25efd134
5d66d8c86d5f3b6188d4f049,511111805342,Magazines,NULL,LIFE Special Edition Magazine ,NULL,511111805342,5d5d4fd16d5f3b23d1bc7905
5332fa74e4b03c9a25efd21e,511111003038,NULL,NULL,Sprite,NULL,511111003038,5332f5ebe4b03c9a25efd0a8
585a96e9e4b03e62d1ce0e8b,511111901587,Grocery,NULL,Rice A Roni,NULL,RICE-A-RONI,5332f5fbe4b03c9a25efd0ba
5332f756e4b03c9a25efd113,511111503743,NULL,NULL,Murray,NULL,511111503743,53e10d6368abd3c7065097cc
5afda67de4b0c11cfecd49fc,511111504573,Snacks,NULL,STELLA D'ORO,False,STELLA DORO,5a734034e4b0d58f376be874
5ab15669e4b0be0a89bb0b08,511111704423,Grocery,NULL,Campbell's Ready Meals,False,CAMPBELLS READY MEALS,5a734034e4b0d58f376be874
5332f612e4b03c9a25efd0c4,511111803881,NULL,NULL,Kickstart,NULL,511111803881,53e10d6368abd3c7065097cc
5f21ca86be37ce7958c5952b,511111215264,Cleaning & Home Improvement,CLEANING_AND_HOME_IMPROVEMENT,RESOLVE®,NULL,RESOLVE,5f10c05cbe37ce238c6cabaf
57e580e8e4b0ac389136a304,511111302292,Beer Wine Spirits,NULL,Coors Banquet,False,511111302292,5332f709e4b03c9a25efd0f1
58861c7e4e8d0d20bc42c4f7,511111001324,Snacks,NULL,Maui Style Chips,NULL,MAUI STYLE,5332f5fbe4b03c9a25efd0ba
5332fa84e4b03c9a25efd232,511111002871,NULL,NULL,Powerade Zero,NULL,511111002871,5332f5ebe4b03c9a25efd0a8
5d2f3eada3a01810a2174aeb,511111804833,Frozen,NULL,CULTURE REPUBLICK ,NULL,CULTURE REPUBLICK ,5332f5f6e4b03c9a25efd0b4
5daf63151dda2c3e1416ae9b,511111906070,Breakfast & Cereal,NULL,Wheaties™,NULL,WHEATIES,5332f5f3e4b03c9a25efd0ae
55bf8c15e4b0d8e685c1489c,511111302575,Breakfast & Cereal,NULL,Quaker Life,False,511111302575,5332f5fbe4b03c9a25efd0ba
5da605bea60b87376833e34a,511111805571,Health & Wellness,NULL,AFRIN® ORIGINAL NASAL SPRAY,NULL,511111805571,53e10d6368abd3c7065097cc
5952a596e4b08f39def64d03,511111800644,Beer Wine Spirits,NULL,Zima,NULL,ZIMA,5332f709e4b03c9a25efd0f1
5d6027f46d5f3b23d1bc7906,511111204923,Snacks,NULL,CHESTER'S,NULL,CHESTERS,5332f5fbe4b03c9a25efd0ba
5afda1dae4b0c11cfecd49f6,511111604471,Snacks,NULL,Cape Cod,False,CAPE COD,5a734034e4b0d58f376be874
5e710dbeee7f2d0b35b2a192,511111814085,Dairy & Refrigerated,DAIRY_AND_REFRIGERATED,COUNTRY CROCK PLANT BUTTER,NULL,COUNTRY CROCK PLANT BUTTER,5e5ea9cc9c50da1291a6d074
5d66dad8a3a018093ab34729,511111205388,Magazines,NULL,National Geographic Special Edition Magazine ,NULL,511111205388,5d5d4fd16d5f3b23d1bc7905
5daf5f65a60b87376833e363,511111206057,Breakfast & Cereal,NULL,Chocolate Lucky Charms™,NULL,CHOCOLATE LUCKY CHARMS,5332f5f3e4b03c9a25efd0ae
5fb8216ebe37ce522e165cdd,511111517726,Bread & Bakery,BREAD_AND_BAKERY,Ball Park,False,BALL PARK,5fb6b608be37ce522e165cb9
5332f765e4b03c9a25efd120,511111003687,NULL,NULL,Glaceau fruitwater,NULL,511111003687,5332f5ebe4b03c9a25efd0a8
5a5d1f46e4b0db471c2d0427,511111700302,Beer Wine Spirits,NULL,Hidden Barrel Collection,NULL,HIDDEL BARREL COLLECTION,5332f709e4b03c9a25efd0f1
5db9e8db1dda2c3e1416aea1,511111506195,Frozen,NULL,Launch Box,NULL,LAUNCH BOX,559c2234e4b06aca36af13c6
57ebc2bde4b0ac389136a348,511111101949,Frozen,NULL,Poppers,False,511111101949,559c2234e4b06aca36af13c6
5a02196ce4b00efe02b02a5a,511111600565,Beauty,NULL,SIMPLE,False,SIMPLE,5332f5f6e4b03c9a25efd0b4
5a5d2bcbe4b0db471c2d0435,511111600077,Beauty & Personal Care,NULL,Salon Selectives,NULL,SALON SELECTIVES,53e10d6368abd3c7065097cc
57d9580ee4b0ac389136a2b6,511111802358,Dairy,NULL,Cracker Barrel Cheese,False,CRACKER BARREL,559c2234e4b06aca36af13c6
5c112616315a241ba1716511,511111404729,Baby,BABY,Huggies Little Swimmers,False,HUGGIES LITTLE SWIMMERS,550b2565e4b001d5e9e4146f
5db20be5a60b87376833e366,511111406136,Breakfast & Cereal,NULL,Blasted Shreds™,NULL,SHREDS,5332f5f3e4b03c9a25efd0ae
5d9d08d1a60b87376833e348,511111605546,Snacks,NULL,Baken-Ets,NULL,BAKEN ETS,5332f5fbe4b03c9a25efd0ba
5daf54491dda2c3e1416ae97,511111306009,Breakfast & Cereal,NULL,Honey Nut Cheerios™,NULL,HONEY NUT CHEERIOS,5332f5f3e4b03c9a25efd0ae
5332f734e4b03c9a25efd103,511111003809,NULL,NULL,Johnsonville,NULL,511111003809,5332f734e4b03c9a25efd104
53501d29b9237fd7718f9e15,511111302858,NULL,NULL,Tombstone,NULL,511111302858,5332fa58e4b03c9a25efd215
5332f775e4b03c9a25efd128,511111903628,NULL,NULL,Chex,NULL,511111903628,5332f5f3e4b03c9a25efd0ae
5c76dd4d95144c5375687b52,511111806899,Baby,NULL,DASH-2249 1 brand 1,True,DASH-2249 1 BRAND 1,5c76dd1095144c5375687b51
585a964ce4b03e62d1ce0e7a,511111301745,Snacks,NULL,Cracker Jack,True,CRACKER JACK,5332f5fbe4b03c9a25efd0ba
5f59002dbe37ce21f1287c10,511111316558,Baby,BABY,Gerber Good Start,NULL,GERBER GOOD START,5f58fa84be37ce21f1287c0f
5332fa7be4b03c9a25efd22c,511111502937,NULL,NULL,Fresca,NULL,511111502937,5332f5ebe4b03c9a25efd0a8
5d6412e9a3a018514994f426,511111304982,Magazines,NULL,Better Homes & Gardens Magazine,NULL,BETTER HOMES & GARDENS,5d5d4fd16d5f3b23d1bc7905
5332f7b4e4b03c9a25efd140,511111303459,NULL,NULL,Bud Light Platinum,NULL,511111303459,5332f7a7e4b03c9a25efd134
5fb821d1be37ce522e165cde,511111017738,Grocery,GROCERY,Bimbo,False,BIMBO,5fb6b608be37ce522e165cb9
5457a0cde4b05a46170caebc,511111402756,NULL,NULL,Fetch Rewards,NULL,511111402756,53e10d6368abd3c7065097cc
5332f7f5e4b03c9a25efd163,511111403357,Beer Wine Spirits,NULL,Leinenkugel's,False,LEINENKUGEL'S,5332f709e4b03c9a25efd0f1
5f590184be37ce21f1287c12,511111016571,Baby,BABY,Nestle NAN,NULL,NESTLE NAN,5f58fa84be37ce21f1287c0f
57ebc01fe4b0ac389136a337,511111102106,Baking,NULL,Jet-Puffed,False,JET-PUFFED,559c2234e4b06aca36af13c6
5f298852be37ce7958c5952d,511111915287,Magazines,MAGAZINES,Health Magazine,NULL,HEALTH,5d66b9dcee7f2d201c7281cd
57ebc144e4b0ac389136a33f,511111902027,Dairy,NULL,Kraft Singles,False,511111902027,559c2234e4b06aca36af13c6
5332fa7ce4b03c9a25efd22d,511111002925,NULL,NULL,Diet Coke Lime,NULL,511111002925,5332f5ebe4b03c9a25efd0a8
5d66def56d5f3b6188d4f051,511111705444,Magazines,NULL,Rolling Stone Special Collectors Edition Magazine,NULL,511111705444,5d5d4fd16d5f3b23d1bc7905
5a5d1a67e4b06ba572cf2499,511111800439,Snacks,NULL,MUNCHIES,NULL,MUNCHIES,5332f5fbe4b03c9a25efd0ba
5da608c91dda2c3e1416ae8d,511111605775,Health & Wellness,NULL,ONE A DAY® 50+,NULL,511111605775,53e10d6368abd3c7065097cc
5daf329ca60b87376833e35a,511111205890,Snacks,NULL,Annie's Homegrown,NULL,ANNIE'S,53e10d6368abd3c7065097cc
5db6fb28a60b87376833e367,511111606147,Health & Wellness,HEALTHY_AND_WELLNESS,Midol® ,NULL,MIDOL,5d9b4f591dda2c6225a284aa
5cdacf1c166eb33eb7ce0fa9,511111604808,Condiments & Sauces,NULL,Twisted Ranch,NULL,TWISTED RANCH,559c2234e4b06aca36af13c6
53501d29b9237fd7718f9e17,511111602835,NULL,NULL,Jacks,NULL,511111602835,5332fa58e4b03c9a25efd215
5afda00ce4b0c11cfecd49f4,511111904458,Snacks,NULL,Emerald,False,EMERALD,53e10d6368abd3c7065097cc
5332f9fde4b03c9a25efd1cf,511111303176,NULL,NULL,Froot Loops,NULL,511111303176,5332f5f2e4b03c9a25efd0aa
5db77f7aa60b87376833e368,511111306160,Beverages,NULL,Hershey's Hot Cocoa Mix,NULL,HERSHEYS HOT COCOA,559c2234e4b06aca36af13c6
592486bee410d61fcea3d135,511111700746,Beverages,NULL,PG TIPS,NULL,PG TIPS,5332f5f6e4b03c9a25efd0b4
58861c7f4e8d0d20bc42c4fd,511111501268,Breakfast & Cereal,NULL,Quaker Puffed,False,511111501268,5332f5fbe4b03c9a25efd0ba
5a5d1a8ce4b0db471c2d0420,511111300427,Snacks,NULL,MUNCHOS,NULL,MUNCHOS,5332f5fbe4b03c9a25efd0ba
57ebc15fe4b0ac389136a342,511111202004,Deli,NULL,Lunchables,False,LUNCHABLES,559c2234e4b06aca36af13c6
5332f9fce4b03c9a25efd1cc,511111603207,NULL,NULL,Nutri-Grain,NULL,511111603207,5332f5f2e4b03c9a25efd0aa
57c08250e4b0718ff5fcb033,511111702504,NULL,NULL,Leffe,NULL,511111702504,5332f7a7e4b03c9a25efd134
5f21c99dbe37ce7958c5952a,511111015253,Cleaning & Home Improvement,CLEANING_AND_HOME_IMPROVEMENT,WOOLITE®,NULL,WOOLITE,5f10c05cbe37ce238c6cabaf
5d6412d36d5f3b23d1bc7908,511111104971,Magazines,NULL,Travel and Leisure Magazine,NULL,511111104971,5d5d4fd16d5f3b23d1bc7905
5bd2011f90fa074576779a17,511111704652,Baby,NULL,Huggies,False,HUGGIES,550b2565e4b001d5e9e4146f
5332fa7de4b03c9a25efd22f,511111302902,NULL,NULL,Sprite Zero,NULL,511111302902,5332f5ebe4b03c9a25efd0a8
5a8c2e5ee4b0ccf165fac9e1,511111004073,Snacks,NULL,Bisca,False,BISCA,5a734034e4b0d58f376be874
58861c7e4e8d0d20bc42c4e9,511111901372,Beer Wine Spirits,NULL,Peroni Italy,False,PERONI,5332f709e4b03c9a25efd0f1
5332fa67e4b03c9a25efd216,511111403074,NULL,NULL,Orv's,NULL,511111403074,5332fa12e4b03c9a25efd1e7
55a41a9de4b0d0a65b3692ed,511111002710,NULL,NULL,RPs,NULL,511111002710,55a41a91e4b0d0a65b3692ec
5db9f8c5a60b87376833e36a,511111106203,Snacks,NULL,Fruit Gushers™,NULL,BETTY CROCKER GUSHERS,5332f5f3e4b03c9a25efd0ae
5332f789e4b03c9a25efd12c,511111603597,NULL,NULL,Bugles,NULL,511111603597,5332f5f3e4b03c9a25efd0ae
5332f762e4b03c9a25efd11e,511111103707,NULL,NULL,Glaceau vitaminwater zero,NULL,511111103707,5332f5ebe4b03c9a25efd0a8
5daf2baea60b87376833e359,511111505877,Breakfast & Cereal,NULL,Lucky Charms®,False,LUCKY CHARMS,5332f5f3e4b03c9a25efd0ae
57d95741e4b0ac389136a2b1,511111802402,Grocery,NULL,Back to Nature Meals,False,BACK TO NATURE DINNERS,559c2234e4b06aca36af13c6
5332f7b2e4b03c9a25efd13f,511111503460,NULL,NULL,Budweiser Select 55,NULL,511111503460,5332f7a7e4b03c9a25efd134
537b7ec2892471241348d70a,511111302780,NULL,NULL,Cedar Crest,NULL,511111302780,537b7ec2892471241348d709
5d642d65a3a018514994f42d,511111305125,Magazines,NULL,Rachael Ray Everyday,NULL,511111305125,5d5d4fd16d5f3b23d1bc7905
5fb829c0be37ce522e165ce4,511111117797,Grocery,GROCERY,Grandma Sycamore,False,GRANDMA SYCAMORE,5fb6b608be37ce522e165cb9
5dc2db051dda2c0ad7da64b0,511111106364,Breakfast & Cereal,NULL,Mermaid Cereal,NULL,MERMAID CEREAL,5332f5f3e4b03c9a25efd0ae
5332f5fde4b03c9a25efd0bc,511111803959,Beverages,NULL,Aquafina,False,AQUAFINA,5332f5fbe4b03c9a25efd0ba
5d66e20b6d5f3b6188d4f055,511111705512,Beverages,NULL,SoBe Drinks,NULL, SOBE,5332f5fbe4b03c9a25efd0ba
5332f9f4e4b03c9a25efd1ca,511111103219,NULL,NULL,Rice Krispies,NULL,511111103219,5332f5f2e4b03c9a25efd0aa
5d6594a2a3a018514994f434,511111905240,Magazines,NULL,Kitchen and Baths,NULL,511111905240,5d5d4fd16d5f3b23d1bc7905
55b630d3e4b0d8e685c1421e,511111802631,NULL,NULL,Sunkist,NULL,511111802631,55b62995e4b0d8e685c14213
5ab154eae4b0915382df7620,511111004400,Condiments & Sauces,NULL,Campbell's Dinner Sauces,False,CAMPBELLS DINNER SAUCES ,5a734034e4b0d58f376be874
55b630ece4b0d8e685c14221,511111602606,NULL,NULL,Squirt,NULL,511111602606,55b62995e4b0d8e685c14213
5cdad1daca6a4c76f3f8c515,511111304821,Condiments & Sauces,NULL,Wild Style Sauce,NULL,WILD STYLE,559c2234e4b06aca36af13c6
592486bee410d61fcea3d128,511111300861,Personal Care,NULL,DOVE,False,DOVE BODY,5332f5f6e4b03c9a25efd0b4
57d96124e4b0ac389136a2b9,511111602323,Frozen,NULL,Smart Ones,False,WEIGHT WATCHERS SMART ONES,559c2234e4b06aca36af13c6
5da60696a60b87376833e34c,511111805625,Health & Wellness,NULL,ALEVE® LIQUID GELS,NULL,ALEVE LIQUID GELS,53e10d6368abd3c7065097cc
5332f603e4b03c9a25efd0bf,511111603924,NULL,NULL,Lipton,NULL,511111603924,53e10d6368abd3c7065097cc
591325cde4b0cddf4ebb6a69,511111200963,Snacks,NULL,SANTITAS Tortilla Chips,NULL,SANTITAS,5332f5fbe4b03c9a25efd0ba
5d4880ca6d5f3b105d1bc8dc,511111204879,Dairy,NULL,Fruit Love Spoonable Smoothies,NULL,FRUIT LOVE,559c2234e4b06aca36af13c6
585a9744e4b03e62d1ce0e98,511111301462,Beverages,NULL,Tropicana,False,TROPICANA,5332f5fbe4b03c9a25efd0ba
585a96fbe4b03e62d1ce0e8e,511111001553,NULL,NULL,Sabra,NULL,511111001553,53e10d6368abd3c7065097cc
5daf68751dda2c3e1416ae9c,511111106081,Breakfast & Cereal,NULL,Raisin Nut Bran,NULL,RAISIN NUT BRAN,5332f5f3e4b03c9a25efd0ae
5da607daa60b87376833e350,511111405696,Health & Wellness,NULL,Bayer® ASPRIN EXTRA STRENGTH ,NULL,511111405696,53e10d6368abd3c7065097cc
5332f9f1e4b03c9a25efd1c5,511111503255,NULL,NULL,Corn Flakes,NULL,511111503255,5332f5f2e4b03c9a25efd0aa
5887a28ae4b02187f85cdad6,511111901143,Dairy,NULL,Velveeta,False,VELVEETA,559c2234e4b06aca36af13c6
592486bee410d61fcea3d12b,511111400837,Frozen,NULL,GOOD HUMOR,False,GOOD HUMOR,5332f5f6e4b03c9a25efd0b4
5aa1b53ae4b086c8aad5e097,511111804277,Breakfast & Cereal,NULL,JUST CRACK AN EGG Scramble Kit,False,JUST CRACK AN EGG,559c2234e4b06aca36af13c6
5d6417f56d5f3b23d1bc790d,511111305071,Magazines,NULL,MARTHA STEWART LIVING MAGAZINE,False,511111305071,5d5d4fd16d5f3b23d1bc7905
592486bee410d61fcea3d129,511111100850,Personal Care,NULL,DOVE MEN+CARE,False,511111100850,5332f5f6e4b03c9a25efd0b4
588ba0f5e4b02187f85cdade,511111701064,Grocery,NULL,Cracker Barrel Macaroni & Cheese Dinners,False,511111701064,559c2234e4b06aca36af13c6
5332f5fbe4b03c9a25efd0b9,511111503972,Beverages,NULL,Pepsi,False,PEPSI,5332f5fbe4b03c9a25efd0ba
5daf2e2a1dda2c3e1416ae92,511111705888,Snacks,NULL,Mott's® Fruit Snacks,NULL,MOTT'S,5332f5f3e4b03c9a25efd0ae
5332f9fde4b03c9a25efd1ce,511111503187,NULL,NULL,Corn Pops,NULL,511111503187,5332f5f2e4b03c9a25efd0aa
5a8f6461e4b02d0314ffa208,511111604242,Snacks,NULL,Riberhus,False,RIBERHUS,5a734034e4b0d58f376be874
58861d07e4b02187f85cdacd,511111601234,Snacks,NULL,Hershey's Pudding,False,HERSHEY'S PUDDING,559c2234e4b06aca36af13c6
5332f7aae4b03c9a25efd139,511111003526,NULL,NULL,Busch,NULL,511111003526,5332f7a7e4b03c9a25efd134
53501d29b9237fd7718f9e16,511111802846,NULL,NULL,Digiorno,NULL,511111802846,5332fa58e4b03c9a25efd215
5c49d4c5315a247b580d50fb,511111604754,Baby,NULL,GO & GROW,NULL,GO & GROW,59b96571e4b0bf7c7980588b
592486bde410d61fcea3d126,511111000884,Dairy,NULL,COUNTRY CROCK,NULL,COUNTRY CROCK,53e10d6368abd3c7065097cc
585a971ae4b03e62d1ce0e93,511111601517,Snacks,NULL,Stacy's,NULL,STACY'S,5332f5fbe4b03c9a25efd0ba
5332f7a9e4b03c9a25efd137,511111703549,NULL,NULL,Budweiser Select,NULL,511111703549,5332f7a7e4b03c9a25efd134
5a5d1e5fe4b06ba572cf249d,511111100348,Condiments & Sauces,NULL,MR. YOSHIDA'S,False,MR. YOSHIDA'S,559c2234e4b06aca36af13c6
5332f77de4b03c9a25efd12b,511111203605,NULL,NULL,Bisquick,NULL,511111203605,5332f5f3e4b03c9a25efd0ae
57dd5a50e4b0ac389136a2d9,511111902300,NULL,NULL,Austin,NULL,511111902300,53e10d6368abd3c7065097cc
5332fa7ae4b03c9a25efd228,511111902973,NULL,NULL,Barq's,NULL,511111902973,5332f5ebe4b03c9a25efd0a8
57ebc158e4b0ac389136a341,511111702016,Condiments & Sauces,NULL,Lea & Perrins,False,LEA & PERRINS,559c2234e4b06aca36af13c6
5332fa73e4b03c9a25efd21d,511111203049,NULL,NULL,Caffeine-free Diet Coke,NULL,511111203049,5332f5ebe4b03c9a25efd0a8
57ebc009e4b0ac389136a334,511111302131,Condiments & Sauces,NULL,Heinz,False,HEINZ,559c2234e4b06aca36af13c6
5fb6b695be37ce522e165cba,511111017387,Grocery,GROCERY,Sara Lee,False,SARA LEE ,5fb6b608be37ce522e165cb9
5a5d1e8fe4b06ba572cf249e,511111400325,Grocery,NULL,OVEN FRY,False,OVEN FRY,559c2234e4b06aca36af13c6
5d658fde6d5f3b23d1bc7913,511111505204,NULL,NULL,BETTY CROCKER SPECIAL EDITION MAGAZINE,NULL,511111505204,53e10d6368abd3c7065097cc
57c08268e4b0718ff5fcb035,511111602484,NULL,NULL,Skol,NULL,511111602484,5332f7a7e4b03c9a25efd134
5a5d2856e4b0db471c2d0430,511111300144,Beer Wine Spirits,NULL,Two Hats,NULL,TWO HATS,5332f709e4b03c9a25efd0f1
591b7682e4b0cddf4ebb6a6a,511111000952,Beverages,NULL,Starbucks Ready-To-Drink Beverages,False,STARBUCKS Bottled Drinks,5332f5fbe4b03c9a25efd0ba
585a965be4b03e62d1ce0e7c,511111601722,Snacks,NULL,Fritos,True,FRITOS,5332f5fbe4b03c9a25efd0ba
585a96c2e4b03e62d1ce0e87,511111701620,Grocery,NULL,Pasta Roni,NULL,PASTA RONI,5332f5fbe4b03c9a25efd0ba
55b6309ce4b0d8e685c1421b,511111702665,Beverages,NULL,7 up,True,BRAND CODE,55b62995e4b0d8e685c14213
5d641257a3a018514994f425,511111604969,Magazines,NULL,Allrecipes Magazine,NULL,ALLRECIPES,5d5d4fd16d5f3b23d1bc7905
5a7e0c1ae4b0782f27c68d4e,511111504061,Grocery,NULL,1_KRAFT Hockeyville,NULL,511111504061,53e10d6368abd3c7065097cc
5ab130e2e4b0915382df7619,511111504290,Beverages,NULL,V8V Fusion,False,V8 V FUSION ,5a734034e4b0d58f376be874
5d66dbf36d5f3b6188d4f04d,511111705390,Beverages,NULL,H2OH! Sparkling Water,NULL,H20H,5332f5fbe4b03c9a25efd0ba
5332f7f0e4b03c9a25efd160,511111603368,Beer Wine Spirits,NULL,Miller Genuine Draft,False,MILLER GENUINE DRAFT,5332f709e4b03c9a25efd0f1
5332f9f1e4b03c9a25efd1c4,511111703266,NULL,NULL,Special K,NULL,511111703266,5332f5f2e4b03c9a25efd0aa
5332f7a8e4b03c9a25efd136,511111203551,NULL,NULL,Busch Light,NULL,511111203551,5332f7a7e4b03c9a25efd134
5d5abca1a3a018514994f421,511111504900,Grocery,NULL,Amazing Grains,NULL,AMAZING GRAINS,559c2234e4b06aca36af13c6
5dc07de6a60b873d6b0666d0,511111406297,Breakfast & Cereal,NULL,Chocolate Cheerios™,NULL,CHOCOLATE CHEERIOS,53e10d6368abd3c7065097cc
5d66dfec6d5f3b6188d4f053,511111105480,Beverages,NULL,O.N.E. Coconut Water,NULL,ONE,5332f5fbe4b03c9a25efd0ba
5a5d209ae4b0db471c2d0429,511111600282,Beer Wine Spirits,NULL,Keystone Ice,NULL,KEYSTONE ICE,5332f709e4b03c9a25efd0f1
5a5d1d05e4b06ba572cf249b,511111800361,Dairy,NULL,DIGIORNO CHEESE,False,DIGIORNO CHEESE,559c2234e4b06aca36af13c6
5d601d74a3a018514994f422,511111004912,Snacks,NULL,Caleb's Kola,NULL,CALEBS KOLA,53e10d6368abd3c7065097cc
58861c7e4e8d0d20bc42c4ea,511111401360,Beer Wine Spirits,NULL,Pilsner Urquell,False,PILSNER URQUELL,5332f709e4b03c9a25efd0f1
540f241c68abd3c7065097d5,511111602767,NULL,NULL,Prairie Farms,NULL,511111602767,540f215de4b09fb9af4b49f1
5ab13217e4b0915382df761b,511111804321,Snacks,NULL,Milano,False, MILANO,5a734034e4b0d58f376be874
53501e6cb9237fd7718f9e25,511111402800,NULL,NULL,Palermo,NULL,511111402800,53501d2ab9237fd7718f9e1a
5dc07e2aa60b873d6b0666d1,511111006305,NULL,NULL,"General Mills ""Big G"" Cereal",NULL,GENERAL MILLS CEREAL,53e10d6368abd3c7065097cc
592486bde410d61fcea3d125,511111500896,Personal Care,NULL,CLEAR,False,CLEAR,5332f5f6e4b03c9a25efd0b4
5a5d10b5e4b06ba572cf2497,511111700463,Beer Wine Spirits,NULL,Arnold Palmer Spiked,False,ARNOLD PALMER SPIKED HALF & HALF ORIGINAL,5332f709e4b03c9a25efd0f1
5fb81985be37ce522e165cdb,511111817703,Beer Wine Spirits,BEER_WINE_SPIRITS,Absolut® Lime,False,ABSOLUT® LIME,5fb6d381be37ce522e165cbd
5fb81718be37ce522e165cd6,511111817659,Beer Wine Spirits,BEER_WINE_SPIRITS,Absolut® Juice Strawberry,False,ABSOLUT® JUICE STRAWBERRY,5fb6d381be37ce522e165cbd
5fb817e8be37ce522e165cd8,511111517672,Beer Wine Spirits,BEER_WINE_SPIRITS,Absolut® Original,False,ABSOLUT® ORIGINAL,5fb6d381be37ce522e165cbd
5fb818abbe37ce522e165cd9,511111717683,Beer Wine Spirits,BEER_WINE_SPIRITS,Absolut® Mandrin,False,ABSOLUT® MANDRIN,5fb6d381be37ce522e165cbd
5fb7f9c2be37ce522e165cc8,511111517511,Beer Wine Spirits,BEER_WINE_SPIRITS,Absolut® Elyx,False,ABSOLUT ELYX,5fb6d381be37ce522e165cbd
5fb81796be37ce522e165cd7,511111017660,Beer Wine Spirits,BEER_WINE_SPIRITS,Absolut® Juice Apple,False,ABSOLUT® JUICE APPLE,5fb6d381be37ce522e165cbd
5fb7f8febe37ce522e165cc7,511111017509,Beer Wine Spirits,BEER_WINE_SPIRITS,Aberlour®,False,ABERLOUR,5fb6d381be37ce522e165cbd
5fb80a6bbe37ce522e165cd0,511111317593,Beer Wine Spirits,BEER_WINE_SPIRITS,Jameson® Cold Brew ,False,JAMESON COLD BREW ,5fb6d381be37ce522e165cbd
5fb6d68abe37ce522e165cbf,511111817420,Beer Wine Spirits,BEER_WINE_SPIRITS,Jefferson’s Reserve®,False,JEFFERSON’S RESERVE,5fb6d381be37ce522e165cbd
5fb6d5e4be37ce522e165cbe,511111617419,Beer Wine Spirits,BEER_WINE_SPIRITS,Campo Viejo®,False,CAMPO VIEJO,5fb6d381be37ce522e165cbd
5fb7e90fbe37ce522e165cc5,511111917489,Beer Wine Spirits,BEER_WINE_SPIRITS,Kahlua®,False,KAHLUA,5fb6d381be37ce522e165cbd
5fb7e52abe37ce522e165cc2,511111017455,Beer Wine Spirits,BEER_WINE_SPIRITS,Mumm Napa®,False,MUMM NAPA ,5fb6d381be37ce522e165cbd
5fb7e7aebe37ce522e165cc4,511111717478,Beer Wine Spirits,BEER_WINE_SPIRITS,Malfy®,False,MALFY,5fb6d381be37ce522e165cbd
5fb80e12be37ce522e165cd4,511111117636,Beer Wine Spirits,BEER_WINE_SPIRITS,Malibu® Lime,False,MALIBU® LIME,5fb6d381be37ce522e165cbd
5fb80e70be37ce522e165cd5,511111317647,Beer Wine Spirits,BEER_WINE_SPIRITS,Malibu® Strawberry,False,MALIBU® STRAWBERRY,5fb6d381be37ce522e165cbd
5fb7fae8be37ce522e165cca,511111217534,Beer Wine Spirits,BEER_WINE_SPIRITS,Redbreast 12YO ,False,REDBREAST 12YO ,5fb6d381be37ce522e165cbd
5a5d25b6e4b0db471c2d042c,511111800200,Beer Wine Spirits,NULL,Sol,False,SOL,5332f709e4b03c9a25efd0f1
5332f807e4b03c9a25efd16f,511111903291,NULL,NULL,Activia,NULL,511111903291,5332f7ffe4b03c9a25efd16b
585a9618e4b03e62d1ce0e75,511111201793,Snacks,NULL,Baked!,True,511111201793,5332f5fbe4b03c9a25efd0ba
57ebc2f0e4b0ac389136a34c,511111701903,Grocery,NULL,Wyler's,False,WYLER'S,559c2234e4b06aca36af13c6
5db9e6551dda2c3e1416aea0,511111006183,Frozen,NULL,Fat Rabbit,NULL,FAT RABBIT,559c2234e4b06aca36af13c6
5daf60021dda2c3e1416ae9a,511111406068,Breakfast & Cereal,NULL,Total™,NULL,TOTAL,5332f5f3e4b03c9a25efd0ae
55a58727e4b0d0a65b3693cd,511111402688,NULL,NULL,Nature's Bakery,NULL,511111402688,55a58719e4b0d0a65b3693cc
5332fa75e4b03c9a25efd220,511111503026,NULL,NULL,Coca-Cola Zero,NULL,511111503026,5332f5ebe4b03c9a25efd0a8
5fb80dd6be37ce522e165cd3,511111617624,Beer Wine Spirits,BEER_WINE_SPIRITS,Malibu® Pineapple,False,MALIBU® PINEAPPLE,5fb6d381be37ce522e165cbd
5c49d24df0276e771967371a,511111104742,Baby,NULL,PURE BLISS,NULL,PURE BLISS,59b96571e4b0bf7c7980588b
5a8c36a1e4b0ccf165fac9e8,511111604198,Snacks,NULL,Royal Dansk,False,ROYAL DANSK,5a734034e4b0d58f376be874
57ebc13de4b0ac389136a33e,511111402039,Dairy,NULL,Kraft Shredded Cheese,NULL,511111402039,53e10d6368abd3c7065097cc
57d9612be4b0ac389136a2ba,511111402312,Frozen,NULL,Devour,False,DEVOUR,559c2234e4b06aca36af13c6
5a8c2f7ce4b0ccf165fac9e3,511111704096,Canned Goods & Soups,NULL,Campbell's,False,CAMPBELLS,5a734034e4b0d58f376be874
5a4d254ce4b0bcb2c74ea780,511111200475,Beverages,NULL,STUBBORN SODA,False,STUBBORN SODA,5332f5fbe4b03c9a25efd0ba
5fb6d83cbe37ce522e165cc1,511111517443,Beer Wine Spirits,BEER_WINE_SPIRITS,Avion® Silver,False,AVION,5fb6d381be37ce522e165cbd
5e5ff158ee7f2d0b35b2a18d,511111214038,Health & Wellness,HEALTHY_AND_WELLNESS,ONE A DAY®,False,ONE A DAY,5d9b4f591dda2c6225a284aa
5332fa77e4b03c9a25efd225,511111803003,NULL,NULL,Cherry Coke,NULL,511111803003,5332f5ebe4b03c9a25efd0a8
5d659490a3a018514994f433,511111705239,Magazines,NULL,Happy Paws,NULL,511111705239,5d5d4fd16d5f3b23d1bc7905
5e710da7ee7f2d0b35b2a191,511111614074,Dairy & Refrigerated,DAIRY_AND_REFRIGERATED,COUNTRY CROCK ORIGINAL,NULL,COUNTRY CROCK ORIGINAL,5e5ea9cc9c50da1291a6d074
592486bee410d61fcea3d12c,511111900825,Condiments & Sauces,NULL,Mayo by HELLMANN'S/BEST FOODS,False,HELLMANN'S/BEST FOODS,5332f5f6e4b03c9a25efd0b4
592486bfe410d61fcea3d13c,511111200680,Frozen,NULL,TALENTI,False,TALENTI,5332f5f6e4b03c9a25efd0b4
5da6097ea60b87376833e358,511111305842,Health & Wellness,NULL,ONE A DAY® VITACRAVES ADULT MULTIVITAMINS,NULL,511111305842,53e10d6368abd3c7065097cc
58b59950e4b0857c2ddb7254,511111601005,Beer Wine Spirits,NULL,Red Dog,NULL,RED DOG,5332f709e4b03c9a25efd0f1
58861c7e4e8d0d20bc42c4ee,511111201359,Beer Wine Spirits,NULL,Smith & Forge Hard Cider,False,SMITH & FORGE,5332f709e4b03c9a25efd0f1
5a5e34fee4b0db471c2d0436,511111200031,Beverages,NULL,LIPTON Iced Tea Beverages,False,LIPTON Iced Tea Beverages,5332f5fbe4b03c9a25efd0ba
585a96f5e4b03e62d1ce0e8d,511111201564,Snacks,NULL,Ruffles,NULL,RUFFLES,5332f5fbe4b03c9a25efd0ba
5ab13165e4b0be0a89bb0b03,511111604310,Beverages,NULL,V8 Plus Energy,False,V8 PLUS ENERGY ,5a734034e4b0d58f376be874
5afda618e4b0c11cfecd49fa,511111804550,Snacks,NULL,POP SECRET,False,POP SECRET,5a734034e4b0d58f376be874
5332f800e4b03c9a25efd16c,511111203322,NULL,NULL,Fruit on the Bottom,NULL,511111203322,5332f7ffe4b03c9a25efd16b
5887a0fde4b02187f85cdad1,511111801191,Beverages,NULL,Capri Sun,False,CAPRI SUN,559c2234e4b06aca36af13c6
5a5d1acce4b0db471c2d0421,511111100416,Snacks,NULL,NUT HARVEST,NULL,NUT HARVEST,5332f5fbe4b03c9a25efd0ba
57c0810fe4b0718ff5fcb02d,511111902539,NULL,NULL,Famous Amos,NULL,511111902539,5332f5f2e4b03c9a25efd0aa
53501d2ab9237fd7718f9e19,511111102823,NULL,NULL,Emils,NULL,511111102823,53501d2ab9237fd7718f9e18
5b184cdbe4b0d159a5b66e2b,511111204596,Beer Wine Spirits,NULL,Henry Weinhard's,NULL,HENRY WEINHARDS,53e10d6368abd3c7065097cc
5d6415b3a3a018514994f428,511111905035,Magazines,NULL,People Special Edition Magazine,NULL,511111905035,5d5d4fd16d5f3b23d1bc7905
5dc07880a60b873d6b0666cf,511111706274,Breakfast & Cereal,NULL,Fruity Cheerios™,NULL,FRUITY CHEERIOS,53e10d6368abd3c7065097cc
5da608821dda2c3e1416ae8c,511111905752,Health & Wellness,NULL,Flintstones™ MULTIVITAMIN GUMMY,NULL,FLINTSTONES MULTIVITAMIN GUMMY,53e10d6368abd3c7065097cc
57e58166e4b0ac389136a30b,511111102267,Beer Wine Spirits,NULL,Foster's,False,FOSTER'S,5332f709e4b03c9a25efd0f1
5d5411eda3a018514994f420,511111904892,Condiments & Sauces,NULL,F. Whitlock & Sons BBQ Sauce,NULL,F WHITLOCK AND SONS,559c2234e4b06aca36af13c6
5e710dd5ee7f2d0b35b2a193,511111314097,Dairy & Refrigerated,DAIRY_AND_REFRIGERATED,I CAN'T BELIEVE IT'S NOT BUTTER!,NULL,I CAN'T BELIEVE IT'S NOT BUTTER,5e5ea9cc9c50da1291a6d074
585a961fe4b03e62d1ce0e76,511111701781,Snacks,NULL,Baken-Ets,True,BAKEN-ETS,5332f5fbe4b03c9a25efd0ba
5daf472da60b87376833e35e,511111405979,Dairy,NULL,LIBERTÉ®,NULL,LIBERTE,5332f5f3e4b03c9a25efd0ae
5dc076e41dda2c0ad7da64ab,511111006251,Breakfast & Cereal,NULL,Apple Cinnamon Cheerios™,NULL,APPLE CINNAMON CHEERIOS,53e10d6368abd3c7065097cc
5a5d2695e4b0db471c2d042d,511111700180,Beer Wine Spirits,NULL,St. Stefanus,NULL,ST STEFANUS,5332f709e4b03c9a25efd0f1
5332f5ebe4b03c9a25efd0a7,511111304050,NULL,NULL,Monster,NULL,511111304050,5332f5ebe4b03c9a25efd0a8
585a9653e4b03e62d1ce0e7b,511111101734,Beverages,NULL,Dole Chilled Fruit Juices,False,DOLE CHILLED FRUIT JUICES,5332f5fbe4b03c9a25efd0ba
5332f70ee4b03c9a25efd0f7,511111703822,NULL,NULL,Haagen-Dazs,NULL,511111703822,5332f5f3e4b03c9a25efd0ae
592486bfe410d61fcea3d13a,511111700692,Personal Care,NULL,SUAVE,False,SUAVE,5332f5f6e4b03c9a25efd0b4
57ebbed8e4b0ac389136a32e,511111402190,Condiments & Sauces,NULL,Classico,False,CLASSICO,559c2234e4b06aca36af13c6
57c08275e4b0718ff5fcb036,511111402473,NULL,NULL,Brahma,NULL,511111402473,5332f7a7e4b03c9a25efd134
5fb82a34be37ce522e165ce5,511111717805,Grocery,GROCERY,Stroehmann,False,STROEHMANN,5fb6b608be37ce522e165cb9
5d66d9016d5f3b6188d4f04a,511111305354,Beverages,NULL,Bubly Sparkling Water,False,BUBLY,5332f5fbe4b03c9a25efd0ba
5ab152fae4b0be0a89bb0b05,511111004356,Grocery,NULL,1915 Bolthouse Farms,False,1915 BOLTHOUSE FARMS,5a734034e4b0d58f376be874
5e5ff32bee7f2d0b35b2a190,511111114062,Health & Wellness,HEALTHY_AND_WELLNESS,MIRALAX®LAXATIVES,False,MIRALAX LAXATIVES,5d9b4f591dda2c6225a284aa
585a973ee4b03e62d1ce0e97,511111801474,Beverages,NULL,Tropicana Trop 50,False,511111801474,5332f5fbe4b03c9a25efd0ba
552ecc9be4b02ff29f99b214,511111702733,NULL,NULL,Valu Time,NULL,511111702733,5459429be4b0bfcb1e864082
580dffa7e4b0f32b2de21383,511111201847,Frozen,NULL,TGI Fridays,False,T.G.I. FRIDAY'S,559c2234e4b06aca36af13c6
5a5d1d71e4b06ba572cf249c,511111600350,Beer Wine Spirits,NULL,Cusquena,NULL,CUSQUENA,5332f709e4b03c9a25efd0f1
5fb6b6e1be37ce522e165cbb,511111517399,Bread & Bakery,BREAD_AND_BAKERY,Arnold ,False,ARNOLD,5fb6b608be37ce522e165cb9
57ebc188e4b0ac389136a343,511111001997,Beverages,NULL,McCafé,False,MC CAFE,559c2234e4b06aca36af13c6
5afda307e4b03bf01c2a2966,511111404514,Snacks,NULL,O-Ke-Doke,False,O-KE-DOKE,5a734034e4b0d58f376be874
5da606c61dda2c3e1416ae87,511111505648,Health & Wellness,NULL,ALKA SELTZER® ADULT HEARTBURN CHEWS/ GUMMY/ TAB,NULL,ALKA SELTZER ADULT HEARTBURN CHEWS/ GUMMY/ TAB,53e10d6368abd3c7065097cc
58861c7f4e8d0d20bc42c4fb,511111201281,Breakfast & Cereal,NULL,Quaker Oatmeal Squares,False,511111201281,5332f5fbe4b03c9a25efd0ba
5dd59806a60b870fc613f7ca,511111806387,Breakfast & Cereal,NULL,Oatmeal Crisp™ Cereal,NULL,OATMEAL CRISP,5332f5f3e4b03c9a25efd0ae
58861c7e4e8d0d20bc42c4e4,511111101383,Beer Wine Spirits,NULL,Milwaukee's Best Light,NULL,511111101383,5332f709e4b03c9a25efd0f1
5ec2dd58be37ce5234ec36b9,511111614630,Health & Wellness,HEALTHY_AND_WELLNESS,Phillips'®Digestive,False,PHILLIPS'®DIGESTIVE,5d9b4f591dda2c6225a284aa
5dc07bee1dda2c0ad7da64ac,511111906285,Breakfast & Cereal,NULL,Hershey's™ Cereal,NULL,HERSHEYS CEREAL,5332f5f3e4b03c9a25efd0ae
58861c7e4e8d0d20bc42c4f5,511111701347,Beverages,NULL,Amp Energy,False,AMP,53e10d6368abd3c7065097cc
5332f754e4b03c9a25efd112,511111003755,NULL,NULL,Fuze,NULL,511111003755,5332f5ebe4b03c9a25efd0a8
5d66d6a2a3a018093ab34727,511111905318,Magazines,NULL,Eat This Not That Magazine,NULL,511111905318,5d5d4fd16d5f3b23d1bc7905
592486bde410d61fcea3d120,511111500940,Personal Care,NULL,AXE,False,AXE,5332f5f6e4b03c9a25efd0b4
5332f712e4b03c9a25efd0f8,511111503811,NULL,NULL,Kemps,NULL,511111503811,5332f712e4b03c9a25efd0f9
5332f70ae4b03c9a25efd0f4,511111203834,Beverages,NULL,Barmen,NULL,511111203834,53e10d6368abd3c7065097cc
5c6d51d695144c607914426f,511111806509,Breakfast & Cereal,NULL,alexa-o's,True,ALEXA-O'S,5c6d516795144c607914426e
5332f5f4e4b03c9a25efd0af,511111904014,NULL,NULL,Frosted Mini-Wheats,NULL,511111904014,5332f5f2e4b03c9a25efd0aa
5da607ef1dda2c3e1416ae89,511111005704,Health & Wellness,NULL,Bayer® ASPRIN TAB/ CAPS/ CHEWS,NULL,511111005704,53e10d6368abd3c7065097cc
5d6417dda3a018514994f42a,511111805069,Magazines,NULL,InStyle,NULL,511111805069,5d5d4fd16d5f3b23d1bc7905
57e581dfe4b0ac389136a30e,511111402244,Beer Wine Spirits,NULL,Steel Reserve,False,STEEL RESERVE,5332f709e4b03c9a25efd0f1
5d603430a3a018514994f423,511111904946,Snacks,NULL,Pop Works & Company Popcorn,NULL,POP WORKS & COMPANY,5332f5fbe4b03c9a25efd0ba
5a4d2489e4b0d5c3fd86b67a,511111900498,Snacks,NULL,SABRITONES,NULL,SABRITONES,5332f5fbe4b03c9a25efd0ba
5d66def56d5f3b6188d4f052,511111205456,Magazines,NULL,TIME Special Edition Magazine,NULL,511111205456,5d5d4fd16d5f3b23d1bc7905
5a5d1ef1e4b0db471c2d0426,511111200314,Grocery,NULL,SURE-JELL,False,SURE-JELL,559c2234e4b06aca36af13c6
5a5d26c7e4b06ba572cf24a5,511111500179,Beer Wine Spirits,NULL,Terrapin,NULL,TERRAPIN,5332f709e4b03c9a25efd0f1
588ba164e4b02187f85cdadf,511111501053,Frozen,NULL,Smart Made,False,SMART MADE,559c2234e4b06aca36af13c6
5d6415a26d5f3b23d1bc790b,511111405023,Magazines,NULL,Coastal Living Magazine,NULL,511111405023,5d5d4fd16d5f3b23d1bc7905
5a8c5ee7e4b07f0a2dac8948,511111404231,Personal Care,NULL,LOVE BEAUTY AND PLANET,False,LOVE BEAUTY AND PLANET,5332f5f6e4b03c9a25efd0b4
5daf2a6b1dda2c3e1416ae91,511111005865,Health & Wellness,NULL,Protein One™,NULL,PROTEIN ONE,5332f5f3e4b03c9a25efd0ae
5332f753e4b03c9a25efd110,511111203766,NULL,NULL,Sugar Free NOS,NULL,511111203766,5332f5ebe4b03c9a25efd0a8
5d66e03f6d5f3b6188d4f054,511111605492,Magazines,NULL,Yoga Journal Magazine,NULL,511111605492,5d5d4fd16d5f3b23d1bc7905
5ea07e02be37ce3e45b6a781,511111414551,Baking,BAKING,Show this Brand A,NULL,511111414551,5ea07defbe37ce3e45b6a780
585a9707e4b03e62d1ce0e90,511111501541,Snacks,NULL,Smartfood Selects,NULL,511111501541,5332f5fbe4b03c9a25efd0ba
57ebc02be4b0ac389136a339,511111002086,Beverages,NULL,Kool-Aid,False,KOOL-AID,559c2234e4b06aca36af13c6
5332f5f5e4b03c9a25efd0b1,511111203995,NULL,NULL,Minute Maid,NULL,511111203995,5332f5ebe4b03c9a25efd0a8
58861c7d4e8d0d20bc42c4d7,511111401438,Grocery,NULL,Velveeta Shells,False,511111401438,559c2234e4b06aca36af13c6
5332f7b5e4b03c9a25efd141,511111803447,NULL,NULL,Margaritaville,NULL,511111803447,5332f7a7e4b03c9a25efd134
5fb81ab9be37ce522e165cdc,511111317715,Beer Wine Spirits,BEER_WINE_SPIRITS,Absolut® Citron,False,ABSOLUT® CITRON,5fb6d381be37ce522e165cbd
5fb7fa35be37ce522e165cc9,511111717522,Beer Wine Spirits,BEER_WINE_SPIRITS,Avion® R44,False,AVION R44,5fb6d381be37ce522e165cbd
5332fa79e4b03c9a25efd227,511111102984,NULL,NULL,Caffeine-free Coca-Cola,NULL,511111102984,5332f5ebe4b03c9a25efd0a8
53501d2ab9237fd7718f9e1b,511111902812,NULL,NULL,Screamin Sicilian,NULL,511111902812,53501d2ab9237fd7718f9e1a
5a5d239de4b0db471c2d042a,511111900269,Beer Wine Spirits,NULL,Miller Fortune,NULL,MILLER FORTUNE,5332f709e4b03c9a25efd0f1
592486bee410d61fcea3d131,511111900771,Personal Care,NULL,LEVER 2000,False,LEVER 2000,5332f5f6e4b03c9a25efd0b4
5da603a71dda2c3e1416ae82,511111105558,Baby,BABY,A+D®,False,A+D,5d9b4f591dda2c6225a284aa
5db3288aee7f2d6de4248977,511111312949,Baby,NULL,Pull-Ups,True,PULLUPS,550b2565e4b001d5e9e4146f
5332f5fbe4b03c9a25efd0bb,511111003960,Beverages,NULL,Mountain Dew,False,MOUNTAIN DEW,5332f5fbe4b03c9a25efd0ba
57ebc12ce4b0ac389136a33c,511111102052,Condiments & Sauces,NULL,Kraft Mayo,False,511111102052,559c2234e4b06aca36af13c6
585a9720e4b03e62d1ce0e94,511111101505,Snacks,NULL,Sun Chips,NULL,SUN CHIPS,5332f5fbe4b03c9a25efd0ba
592486bfe410d61fcea3d138,511111800712,Beverages,NULL,PURE LEAF Tea Leaves,False,PURE LEAF Tea Leaves,5332f5f6e4b03c9a25efd0b4
5887a320e4b02187f85cdad8,511111201120,Snacks,NULL,Corn Nuts,False,CORN NUTS,559c2234e4b06aca36af13c6
57d95753e4b0ac389136a2b3,511111702382,Dairy,NULL,Breakstone's,False,BREAKSTONE'S,559c2234e4b06aca36af13c6
5a5d263ee4b06ba572cf24a4,511111200192,Beer Wine Spirits,NULL,Sparks,False,SPARKS,5332f709e4b03c9a25efd0f1
5887a143e4b02187f85cdad2,511111301189,Beverages,NULL,Maxwell House,False,MAXWELL HOUSE,559c2234e4b06aca36af13c6
5332f7b5e4b03c9a25efd142,511111603436,NULL,NULL,Beck's,NULL,511111603436,5332f7a7e4b03c9a25efd134
5a5d2b20e4b0db471c2d0434,511111800088,Canned Goods & Soups,NULL,Continental,NULL,CONTINENTAL SOUP,5332f5f6e4b03c9a25efd0b4
5e3875f5ee7f2d697e835bcf,511111213925,Beauty,NULL,Garnier - Hair Color,NULL,GARNIER - HAIR COLOR,5e28b81cee7f2d697e835bcd
5ec2dc5fbe37ce5234ec36b8,511111114628,Health & Wellness,HEALTHY_AND_WELLNESS,AFRIN® NASAL SPRAY,False,AFRIN® NASAL SPRAY,5d9b4f591dda2c6225a284aa
5daf4867a60b87376833e35f,511111605980,Dairy,NULL,Goodbelly® Probiotics,NULL,GOODBELLY,5332f5f3e4b03c9a25efd0ae
592486bee410d61fcea3d134,511111200758,Personal Care,NULL,NEXXUS,False,NEXXUS,5332f5f6e4b03c9a25efd0b4
5a8c3226e4b07f0a2dac8942,511111004127,Beverages,NULL,V8,False,V8,5a734034e4b0d58f376be874
55b630a4e4b0d8e685c1421c,511111502654,NULL,NULL,Dr. Pepper,NULL,511111502654,55b62995e4b0d8e685c14213
5a5d2ac5e4b06ba572cf24a7,511111300090,Condiments & Sauces,NULL,Colman's,NULL,COLMAN'S,53e10d6368abd3c7065097cc
5a8c344ae4b0ccf165fac9e5,511111704140,Condiments & Sauces,NULL,Prego,False,PREGO,5a734034e4b0d58f376be874
5e710e03ee7f2d0b35b2a194,511111914105,Dairy & Refrigerated,DAIRY_AND_REFRIGERATED,BRUMMEL & BROWN,NULL,BRUMMEL & BROWN,5e5ea9cc9c50da1291a6d074
5daf43251dda2c3e1416ae95,511111705956,Dairy,NULL,YQ by Yoplait®,NULL,YQ YOPLAIT,5332f5f3e4b03c9a25efd0ae
5d66d597a3a018093ab34726,511111805298,Magazines,NULL,Diabetic Living Magazine,NULL,511111805298,5d5d4fd16d5f3b23d1bc7905
5d658ffa6d5f3b23d1bc7914,511111205227,NULL,NULL,Diabetic Living Magazine,NULL,511111205227,53e10d6368abd3c7065097cc
5da6076f1dda2c3e1416ae88,511111205661,Health & Wellness,NULL,ALKA SELTZER® PLUS COLD AND FLU TAB/ CAPS/ GEL,NULL,ALKA SELTZER COLD AND FLU TAB/ CAPS/ GEL,53e10d6368abd3c7065097cc
5da60915a60b87376833e355,511111905806,Health & Wellness,NULL,ONE A DAY® HEART HEALTH,NULL,511111905806,53e10d6368abd3c7065097cc
5c4637ba87ff35681e840d57,511111605058,Dairy,NULL,Brand2,True,09090909090,5c45f8b087ff3552f950f026
5332f7afe4b03c9a25efd13e,511111003472,NULL,NULL,Bud Light Lime,NULL,511111003472,5332f7a7e4b03c9a25efd134
5da609621dda2c3e1416ae8f,511111105831,Health & Wellness,NULL,ONE A DAY® PRENATAL AND PREGNANCY,NULL,511111105831,53e10d6368abd3c7065097cc
5a7e0665e4b0aedb3b84afd4,511111704140,NULL,NULL,Diet Chris Cola,NULL,DIETCHRIS2,55b62995e4b0d8e685c14213
5332f73ee4b03c9a25efd108,511111403791,NULL,NULL,Dr Pepper,NULL,511111403791,5332f5ebe4b03c9a25efd0a8
5ca6383b166eb32e98e0e450,511111804765,Deli,NULL,Bold Butcher,NULL,BOLD BUTCHER,559c2234e4b06aca36af13c6
585a9686e4b03e62d1ce0e81,511111601678,Snacks,NULL,Lay's Original,True,LAY'S,5332f5fbe4b03c9a25efd0ba
585a96e0e4b03e62d1ce0e8a,511111401599,Snacks,NULL,Quaker Chewy,False,511111401599,5332f5fbe4b03c9a25efd0ba
592486bde410d61fcea3d121,511111300939,Frozen,FROZEN,BEN & JERRY'S,True,BEN & JERRY'S,5332f5f6e4b03c9a25efd0b4
5332fa7ae4b03c9a25efd22a,511111202950,NULL,NULL,Pibb Xtra,NULL,511111202950,5332f5ebe4b03c9a25efd0a8
5c6c2f9295144c6db8fe1977,511111106432,Beverages,NULL,"new-brand, of course",True,FRS920,5c6c2ee995144c6db8fe1976
5bcdfc5990fa074576779a15,511111804604,Beverages,NULL,V8 Hydrate,False,V8 HYDRATE,5a734034e4b0d58f376be874
57d95805e4b0ac389136a2b5,511111002369,Beverages,NULL,Country Time,False,COUNTRY TIME,559c2234e4b06aca36af13c6
540f240768abd3c7065097d4,511111102779,NULL,NULL,Frito Lay,NULL,511111102779,56462469e4b0c05761111936
585a96ade4b03e62d1ce0e84,511111401643,Beverages,NULL,Naked Juice,NULL,NAKED JUICE,5332f5fbe4b03c9a25efd0ba
592486bde410d61fcea3d122,511111800927,Frozen,NULL,BREYERS,True,BREYERS,5332f5f6e4b03c9a25efd0b4
5d66d4666d5f3b6188d4f046,511111105275,Magazines,NULL,Country Gardens Magazine,NULL,511111105275,5d5d4fd16d5f3b23d1bc7905
5dc2dab01dda2c0ad7da64af,511111906353,Breakfast & Cereal,NULL,Girl Scouts Cookie Cereal,NULL,GIRL SCOUT CEREAL,5332f5f3e4b03c9a25efd0ae
53554c847a010fd9f8db0ed6,511111802792,Beer Wine Spirits,NULL,Miller Lite,False,MILLER LITE,5332f709e4b03c9a25efd0f1
5a5d2727e4b0db471c2d042e,511111000167,Beer Wine Spirits,NULL,Third Shift Brewing,NULL,THIRD SHIFT,5332f709e4b03c9a25efd0f1
5db32879ee7f2d6de4248976,511111112938,Baby,BABY,GoodNites,True,GOODNITES,55b62995e4b0d8e685c14213
5e387679ee7f2d697e835bd2,511111413950,Beauty,NULL,Maybelline,NULL,MAYBELLINE,5e28b81cee7f2d697e835bcd
5daf693c1dda2c3e1416ae9d,511111606093,Dairy,NULL,Yoplait®,False,YOPLAIT,5332f5f3e4b03c9a25efd0ae
5332f769e4b03c9a25efd122,511111303664,NULL,NULL,Odwalla,NULL,511111303664,5332f5ebe4b03c9a25efd0a8
5e387644ee7f2d697e835bd1,511111913948,Beauty,NULL,L’Oreal Paris - Hair Color,NULL,L’OREAL PARIS - HAIR COLOR,5e28b81cee7f2d697e835bcd
5da606361dda2c3e1416ae84,511111505594,Health & Wellness,NULL,"ALEVE® CAPLETS, TABLETS, AND GEL CAPS",NULL,"ALEVE CAPLETS, TABLETS, AND GEL CAPS",53e10d6368abd3c7065097cc
5332fa1ae4b03c9a25efd1e9,511111103097,NULL,NULL,Roma,NULL,511111103097,5332fa12e4b03c9a25efd1e7
5d66d38ca3a018093ab34724,511111605263,Magazines,NULL,Clean Eating Magazine,NULL,511111605263,5d5d4fd16d5f3b23d1bc7905
5332f806e4b03c9a25efd16e,511111503309,NULL,NULL,Oikos,NULL,511111503309,5332f7ffe4b03c9a25efd16b
5a5d247ae4b06ba572cf24a2,511111000235,Beer Wine Spirits,NULL,Saint Archer,NULL,SAINT ARCHER,5332f709e4b03c9a25efd0f1
5887a1c8e4b02187f85cdad4,511111601166,Dairy,NULL,Philadelphia,False,PHILADELPHIA,559c2234e4b06aca36af13c6
5afda201e4b0c11cfecd49f7,511111804482,Snacks,NULL,Late July,False,LATE JULY,5a734034e4b0d58f376be874
5fb823dfbe37ce522e165ce2,511111417774,Grocery,GROCERY,Freihofers,False,FREIHOFERS,5fb6b608be37ce522e165cb9
5a5d28ade4b0db471c2d0431,511111100133,Beer Wine Spirits,NULL,Tyskie,NULL,TYSKIE GRONIE,5332f709e4b03c9a25efd0f1
5bd2013f965c7d66d92731ec,511111904663,Household,NULL,Kleenex,False,KLEENEX,550b2565e4b001d5e9e4146f
5a4d1ec9e4b0bcb2c74ea77d,511111900542,Snacks,NULL,EL ISLENO,True,EL ISLENO,5332f5fbe4b03c9a25efd0ba
5fb822e4be37ce522e165ce0,511111717751,Grocery,GROCERY,Maiser's,False,MAISER'S ,5fb6b608be37ce522e165cb9
5bd201f090fa074576779a1a,511111204718,Household,NULL,Viva,False,VIVA,550b2565e4b001d5e9e4146f
5bd20188965c7d66d92731ed,511111604686,Personal Care,NULL,Poise,False,POISE,550b2565e4b001d5e9e4146f
5332f7a9e4b03c9a25efd138,511111503538,NULL,NULL,Natural,NULL,511111503538,5332f7a7e4b03c9a25efd134
57d96112e4b0ac389136a2b8,511111102335,Frozen,NULL,Ore-Ida,False,ORE-IDA,559c2234e4b06aca36af13c6
5d66d81a6d5f3b6188d4f048,511111605331,Magazines,NULL,History Channel Special Edition Magazine ,NULL,511111605331,5d5d4fd16d5f3b23d1bc7905
5a5d1c77e4b06ba572cf249a,511111300373,Grocery,NULL,BIAGLUT,False,BIAGLUT,559c2234e4b06aca36af13c6
5cdacd63166eb33eb7ce0fa8,511111004790,Condiments & Sauces,NULL,Bitten Dressing,NULL,BITTEN,559c2234e4b06aca36af13c6
57ebc2dfe4b0ac389136a34a,511111401926,Beverages,NULL,Tang,False,TANG,559c2234e4b06aca36af13c6
5332fa58e4b03c9a25efd214,511111603085,NULL,NULL,Edy's,NULL,511111603085,5332fa58e4b03c9a25efd215
5c7d9cb395144c337a3cbfbb,511111707202,Baby,BABY,Huggies,True,HUGGIES,5459429be4b0bfcb1e864082
5a8c34d7e4b07f0a2dac8944,511111204152,Baby,NULL,Plum Organics,False,PLUM ORGANICS,5a734034e4b0d58f376be874
5fb805dbbe37ce522e165ccc,511111917557,Beer Wine Spirits,BEER_WINE_SPIRITS,The Glenlivet® Caribbean Reserve,False,THE GLENLIVET CARIBBEAN RESERVE,5fb6d381be37ce522e165cbd
5fb806b5be37ce522e165ccd,511111117568,Beer Wine Spirits,BEER_WINE_SPIRITS,The Glenlivet® Founder's Reserve,False,THE GLENLIVET® FOUNDER'S RESERVE,5fb6d381be37ce522e165cbd
5fb807bebe37ce522e165cce,511111617570,Beer Wine Spirits,BEER_WINE_SPIRITS,The Glenlivet® 12 Year ,False,THE GLENLIVET® 12 YEAR ,5fb6d381be37ce522e165cbd
5bd200fc965c7d66d92731eb,511111204640,Baby,NULL,Goodnites,False,GOODNITES,550b2565e4b001d5e9e4146f
588ba1c8e4b02187f85cdae1,511111801030,Beverages,NULL,Tassimo,False,TASSIMO,559c2234e4b06aca36af13c6
5dc2d9d4a60b873d6b0666d2,511111206330,Breakfast & Cereal,NULL,Dippin Dots® Cereal,NULL,DIPPIN DOTS,5332f5f3e4b03c9a25efd0ae
5887a290e4b02187f85cdad7,511111701132,NULL,NULL,Stove Top,False,STOVE TOP,559c2234e4b06aca36af13c6
5fb82f4bbe37ce522e165ce7,511111417828,Bread & Bakery,BREAD_AND_BAKERY,Brownberry,False,BROWNBERRY,5fb6b608be37ce522e165cb9
5daf3eed1dda2c3e1416ae94,511111205944,Dairy,NULL,Oui™ by Yoplait®,NULL,OUI BY YOPLAIT,5332f5f3e4b03c9a25efd0ae
5a5d144ee4b0db471c2d041d,511111500452,Beer Wine Spirits,NULL,Cerveza Aguila,NULL,CERVEZA AGUILA,5332f709e4b03c9a25efd0f1
5332f7a7e4b03c9a25efd133,511111903574,NULL,NULL,Budweiser,NULL,511111903574,5332f7a7e4b03c9a25efd134
5332f7b7e4b03c9a25efd144,511111103424,NULL,NULL,Budweiser Black Crown,NULL,511111103424,5332f7a7e4b03c9a25efd134
57e5823ce4b0ac389136a312,511111702221,Beer Wine Spirits,NULL,Icehouse,False,ICEHOUSE,5332f709e4b03c9a25efd0f1
5a021582e4b00efe02b02a56,511111900610,Beauty & Personal Care,NULL,FDS,NULL,FDS,53e10d6368abd3c7065097cc
5a8c2eeee4b0ccf165fac9e2,511111204084,Grocery,NULL,Bolthouse Farms,False,BOLTHOUSE FARMS,5a734034e4b0d58f376be874
5a0218cae4b00efe02b02a59,511111100577,Personal Care,NULL,Q-TIPS,False,Q-TIPS,5332f5f6e4b03c9a25efd0b4
58861c7f4e8d0d20bc42c4fa,511111701293,Breakfast & Cereal,NULL,Quaker Granola,False,511111701293,5332f5fbe4b03c9a25efd0ba
588ba198e4b02187f85cdae0,511111001041,Dairy,NULL,Hoffman's,False,HOFFMAN'S,559c2234e4b06aca36af13c6
5332fa80e4b03c9a25efd231,511111202882,NULL,NULL,Coca-Cola Cherry Zero,NULL,511111202882,5332f5ebe4b03c9a25efd0a8
5db9f97f1dda2c3e1416aea2,511111606215,Snacks,NULL,Fruit by the Foot™,NULL,BETTY CROCKER FRUIT BY THE FOOT,5332f5f3e4b03c9a25efd0ae
5a5d28f1e4b0db471c2d0432,511111600121,Beer Wine Spirits,NULL,Zumbida,NULL,ZUMBIDA,5332f709e4b03c9a25efd0f1
5332f79ee4b03c9a25efd131,511111103585,NULL,NULL,Cinnamon Toast Crunch,NULL,511111103585,5332f5f3e4b03c9a25efd0ae
58861c7f4e8d0d20bc42c4fc,511111001270,Snacks,NULL,Quaker Popped Crisps,False,511111001270,5332f5fbe4b03c9a25efd0ba
57c08257e4b0718ff5fcb034,511111102496,NULL,NULL,Hoegaarden,NULL,511111102496,5332f7a7e4b03c9a25efd134
58861c7f4e8d0d20bc42c4fe,511111301257,Breakfast & Cereal,NULL,Quaker Real Medleys,False,511111301257,5332f5fbe4b03c9a25efd0ba
5332f757e4b03c9a25efd114,511111303732,NULL,NULL,gardenburger,NULL,511111303732,5332f5f2e4b03c9a25efd0aa
5afda5a6e4b03bf01c2a2968,511111304548,Snacks,NULL,Krunches!,False,KRUNCHERS,5a734034e4b0d58f376be874
585a9661e4b03e62d1ce0e7d,511111401711,Snacks,NULL,Funyuns,True,FUNYUNS,5332f5fbe4b03c9a25efd0ba
5ab15456e4b0be0a89bb0b06,511111904380,Canned Goods & Soups,NULL,Campbell's Spaghettios,False,CAMPBELLS SPAGHETTIOS,5a734034e4b0d58f376be874
592486bde410d61fcea3d123,511111600916,Dairy,NULL,BRUMMEL AND BROWN,NULL,BRUMMEL AND BROWN,53e10d6368abd3c7065097cc
5332fa08e4b03c9a25efd1d9,511111403128,NULL,NULL,Raisin Bran,NULL,511111403128,5332f5f2e4b03c9a25efd0aa
5d66e07da3a018093ab3472d,511111205500,Beverages,NULL,Sierra Mist,NULL,SIERRA MIST,5332f5fbe4b03c9a25efd0ba
5332f769e4b03c9a25efd121,511111803676,NULL,NULL,Glaceau smartwater,NULL,511111803676,5332f5ebe4b03c9a25efd0a8
5332f7afe4b03c9a25efd13c,511111703495,NULL,NULL,LandShark,NULL,511111703495,5332f7a7e4b03c9a25efd134
5fb82f87be37ce522e165ce8,511111917830,Bread & Bakery,BREAD_AND_BAKERY,Oroweat,False,OROWEAT,5fb6b608be37ce522e165cb9
5332f7a8e4b03c9a25efd135,511111403562,NULL,NULL,Bud Light,NULL,511111403562,5332f7a7e4b03c9a25efd134
585a96eee4b03e62d1ce0e8c,511111701576,Snacks,NULL,Rold Gold,NULL,ROLD GOLD,5332f5fbe4b03c9a25efd0ba
5ab1314de4b0915382df761a,511111104308,Beverages,NULL,V8 Splash,False,V8 SPLASH,5a734034e4b0d58f376be874
5bd2016990fa074576779a18,511111404675,Personal Care,NULL,Kotex,False,KOTEX,550b2565e4b001d5e9e4146f
5d64191ea3a018514994f42b,511111505082,Magazines,NULL,Midwest Living,NULL,511111505082,5d5d4fd16d5f3b23d1bc7905
58863e28e4b02187f85cdacf,511111901211,Deli,NULL,Oscar Mayer Carving Board,NULL,511111901211,559c2234e4b06aca36af13c6
5d66df24a3a018093ab3472b,511111405467,Beverages,NULL,Ocean Spray Juices,NULL,OCEAN SPRAY,5332f5fbe4b03c9a25efd0ba
5da608f61dda2c3e1416ae8e,511111305798,Health & Wellness,NULL,ONE A DAY® ESSENTIAL,NULL,511111305798,53e10d6368abd3c7065097cc
57d95749e4b0ac389136a2b2,511111202394,Frozen,NULL,Bagel Bites,False,BAGEL BITES,559c2234e4b06aca36af13c6
5d658fca6d5f3b23d1bc7912,511111405184,NULL,NULL,Do It Yourself,NULL,511111405184,53e10d6368abd3c7065097cc
57ebc2b7e4b0ac389136a347,511111601951,Dairy,NULL,Polly-O,False,POLLY-O,559c2234e4b06aca36af13c6
57ebbfa9e4b0ac389136a331,511111202165,Beverages,NULL,Gevalia Iced Coffee,False,511111202165,559c2234e4b06aca36af13c6
5a5d2c59e4b06ba572cf24a9,511111900054,Beauty & Personal Care,NULL,Sunsilk,NULL,SUNSILK,53e10d6368abd3c7065097cc
5887a051e4b02187f85cdad0,511111401209,Baking,NULL,Baker's,False,BAKER'S,559c2234e4b06aca36af13c6
5ab1528ce4b0915382df761c,511111504344,Grocery,NULL,Ecce Panis,False,ECCE PANIS,5a734034e4b0d58f376be874
5d66d6016d5f3b6188d4f047,511111405306,Magazines,NULL,Do It Yourself Special Edition Magazine,NULL,511111405306,5d5d4fd16d5f3b23d1bc7905
5f21c54abe37ce7958c59528,511111315230,Cleaning & Home Improvement,CLEANING_AND_HOME_IMPROVEMENT,AIR WICK®,False,AIR WICK,5f10c05cbe37ce238c6cabaf
5332f7fde4b03c9a25efd168,511111903345,Beer Wine Spirits,NULL,Hamm's Beer,False,HAMM'S,5332f709e4b03c9a25efd0f1
57c08242e4b0718ff5fcb032,511111202516,NULL,NULL,Corona,NULL,511111202516,5332f7a7e4b03c9a25efd134
5332fa12e4b03c9a25efd1e6,511111703105,NULL,NULL,Bellatoria,NULL,511111703105,5332fa12e4b03c9a25efd1e7
5dc0351a1dda2c0ad7da64aa,511111306238,Breakfast & Cereal,NULL,Monster's Cereal,NULL,MONSTERS CEREAL,5332f5f3e4b03c9a25efd0ae
5d66e2d46d5f3b6188d4f056,511111905523,Beverages,NULL,Tazo Bottled Teas,NULL, TAZO BOTTLED TEAS,5332f5fbe4b03c9a25efd0ba
5a0219ede4b00d6a5ccb394e,511111400554,Personal Care,NULL,TONI&GUY,False,TONI&GUY,5332f5f6e4b03c9a25efd0b4
5d66da306d5f3b6188d4f04c,511111005377,Magazines,NULL,Modern Farmhouse Magazine,NULL,511111005377,5d5d4fd16d5f3b23d1bc7905
5d66dfe6a3a018093ab3472c,511111905479,Magazines,NULL,Weight Watchers Special Edition Magazine ,NULL,511111905479,5d5d4fd16d5f3b23d1bc7905
58b598dbe4b0857c2ddb7253,511111101017,Beer Wine Spirits,NULL,Mickey's,False,MICKEY'S,5332f709e4b03c9a25efd0f1
57d95826e4b0ac389136a2b7,511111302346,Beverages,NULL,Crystal Light,False,CRYSTAL LIGHT,559c2234e4b06aca36af13c6
5a5d1bffe4b0db471c2d0423,511111000396,Beer Wine Spirits,NULL,Coors Extra Gold,NULL,COORS EXTRA GOLD,5332f709e4b03c9a25efd0f1
5fb82fe3be37ce522e165cea,511111617853,Grocery,GROCERY,D'Italiano,False,D ITALIANO,5fb6b608be37ce522e165cb9
5332fa75e4b03c9a25efd221,511111303015,NULL,NULL,DASANI,NULL,511111303015,5332f5ebe4b03c9a25efd0a8
585a96cbe4b03e62d1ce0e88,511111501619,Beverages,NULL,Pepsi Max,False,511111501619,5332f5fbe4b03c9a25efd0ba
5887a216e4b02187f85cdad5,511111401155,Deli,NULL,Claussen,False,CLAUSSEN,559c2234e4b06aca36af13c6
5332f709e4b03c9a25efd0f2,511111403845,Beer Wine Spirits,NULL,Blue Moon,False,BLUE MOON,5332f709e4b03c9a25efd0f1
5dc1fca91dda2c0ad7da64ae,511111706328,Breakfast & Cereal,NULL,Dippin Dots® Cereal,NULL,DIPPIN DOTS CEREAL,53e10d6368abd3c7065097cc
5a021611e4b00efe02b02a57,511111400608,Grocery,NULL,LIPTON TEA Leaves,False,LIPTON TEA Leaves,5332f5f6e4b03c9a25efd0b4
